ID,Name,Max,Age,Pos,Team,Injury,2023 GP,2023 Pts,2024 GP,2024 Pts,2025 GP,2025 Pts,2026 GP,2026 Pts,ADP,Round,Notes
1721,Erling Haaland,350,26,F,MCI,,31,468.5,31,418.0,35,507.0,38,458.3,2,1,
2410,Bukayo Saka,250,24,M,ARS,,35,512.8,25,307.0,31,350.5,38,446.5,4,1,
1213,Bruno Fernandes,360,,M,MUN,,35,480.0,36,438.5,35,547.5,38,437.0,1,1,
1823,Antoine Semenyo,220,26,F,MCI,,33,267.0,37,399.5,37,419.8,38,381.3,3,1,
8339,Rayan Cherki,150,22,M,MCI,,,,,,33,304.0,38,359.5,9,1,
1874,Virgil van Dijk,180,35,D,LIV,,36,351.0,37,366.0,38,416.3,38,352.8,30,1,
2074,João Pedro,200,24,F,CHE,,31,283.3,27,263.0,35,347.8,38,348.8,7,1,
1102,Ollie Watkins,180,,F,AVL,,37,450.8,38,342.0,37,313.8,38,330.3,25,1,
1922,Cole Palmer,250,24,M,CHE,,34,528.3,37,503.0,26,207.5,38,309.0,20,1,"injured last year, but b2b 500 pt seasons before that"
2403,Declan Rice,150,27,M,ARS,,38,364.0,35,285.5,36,338.5,38,298.0,10,1,
1712,Phil Foden,50,26,M,MCI,,35,497.0,28,204.5,33,258.5,38,47.0,41,1,
2406,Gabriel Martinelli,10,25,M,ARS,,35,268.8,33,277.5,30,105.5,38,47.0,29,1,"Role unclear, may be sold?"
4864,Florian Wirtz,,23,M,LIV,,,,,,33,261.5,38,383.5,5,2,
13386,Rayan,,20,F,BOU,,,,,,15,136.5,38,354.5,23,2,
1865,Dominik Szoboszlai,,25,M,LIV,,33,221.5,36,281.0,36,370.0,38,350.5,6,2,
3667,Igor Thiago,200,25,F,BRE,,,,8,14.3,38,435.0,38,315.0,31,2,
2415,Martin Ødegaard,,27,M,ARS,,35,406.5,30,244.5,24,148.5,38,307.5,13,2,
1719,Josko Gvardiol,,24,D,MCI,,28,261.5,37,350.8,18,154.3,38,297.3,62,2,
5354,Mathys Tel,,21,F,TOT,,,,13,86.5,31,162.5,38,296.0,43,2,
1091,Morgan Rogers,,,M,CHE,,11,71.5,37,311.0,37,311.5,38,295.0,19,2,
3885,Nico O'Reilly,,21,D,MCI,,,,9,47.5,34,241.0,38,255.8,54,2,
2399,David Raya,,30,GK,ARS,,32,221.3,38,280.8,37,282.8,38,184.0,100,2,
1806,Elliot Anderson,,23,M,MCI,,21,93.0,37,254.5,38,354.5,38,65.0,8,2,
2526,Matheus Cunha,,27,F,MUN,GTD,32,340.5,33,437.3,33,312.0,38,367.5,11,,
1781,Bruno Guimarães,,28,M,ARS,,37,383.0,38,286.5,29,293.0,38,353.0,18,,
1716,Jérémy Doku,,24,M,MCI,,29,291.5,29,250.5,30,309.5,38,343.0,12,,
2164,Daniel Muñoz,,30,D,CRY,,16,164.5,37,421.5,29,296.3,38,342.5,17,,
1993,James Tarkowski,,33,D,EVE,,38,421.5,33,338.8,37,416.0,38,333.0,48,,
7571,Anton Stach,,27,M,LEE,,,,,,29,297.5,38,333.0,16,,
1862,Cody Gakpo,,27,F,LIV,,35,259.3,35,282.5,36,301.8,38,332.0,14,,
1011,Morgan Gibbs-White,,,M,NFO,,37,364.5,34,314.0,37,377.5,38,329.0,18,,
2160,Mohammed Kudus,,26,M,TOT,GTD,33,339.0,32,249.5,19,173.0,38,328.0,27,,
13503,Nilson Angulo,,23,F,SUN,,,,,,8,31.3,38,322.0,219,,
1772,Sven Botman,,26,D,NEW,,17,111.0,8,54.8,25,220.3,38,320.5,84,,
1786,Alexander Isak,,26,F,LIV,,30,373.0,34,443.3,14,58.8,38,319.3,21,,
10495,Enzo Le Fée,,26,M,SUN,,,,,,36,296.0,38,318.0,26,,
2193,Jean-Philippe Mateta,,29,F,CRY,,35,319.5,37,301.5,32,244.0,38,316.5,34,,
1963,Bryan Mbeumo,,27,F,MUN,,25,254.0,38,531.0,33,296.0,38,316.3,32,,
1269,William Osula,,,F,NEW,,21,25.3,14,21.3,24,111.0,38,308.3,74,,
2067,Kaoru Mitoma,,29,M,BHA,GTD,19,164.5,36,336.5,25,153.0,38,307.5,45,,
2408,Gabriel Magalhães,,28,D,ARS,,36,314.3,28,238.8,32,383.8,38,303.3,49,,
5210,Malick Thiaw,,25,D,NEW,,,,,,35,310.5,38,300.8,114,,
1882,Enzo Fernández,,25,M,CHE,,28,188.5,36,333.0,36,323.5,38,298.5,22,,
1962,Mikkel Damsgaard,,26,M,BRE,,23,73.0,38,316.0,33,240.0,38,298.5,28,,
3778,Iliman Ndiaye,,26,F,EVE,,,,33,253.8,32,276.3,38,298.3,33,,
4884,Nordi Mukiele,,28,D,SUN,GTD,,,,,32,325.0,38,298.0,79,,
10511,Dan Ballard,,26,D,SUN,,,,,,29,263.8,38,293.5,85,,
1274,Oliver McBurnie,,,F,HUL,,21,173.0,,,,,38,293.3,595,,
5979,Daizen Maeda,,28,F,IPS,,,,,,,,38,292.5,999,,
1663,Antonee Robinson,,29,D,FUL,,37,339.8,36,388.3,22,156.3,38,291.8,63,,
4482,Nick Woltemade,,24,F,NEW,,,,,,33,177.8,38,291.3,36,,
1830,Marcus Tavernier,,27,M,BOU,,30,231.0,29,216.0,34,299.0,38,291.0,38,,
1834,Dango Ouattara,,24,M,BRE,,30,155.3,32,290.5,32,251.0,38,289.5,65,,
1919,Reece James,,26,D,CHE,,10,42.8,19,105.3,29,253.3,38,289.3,55,,
1836,Dominic Solanke,,28,F,TOT,GTD,38,399.8,27,209.3,15,93.8,38,286.3,51,,
1827,James Hill,,24,D,BOU,,5,11.5,10,47.3,29,280.0,38,285.0,59,,
2183,Marc Guéhi,,26,D,MCI,,25,116.5,34,269.0,35,384.0,38,284.0,82,,
14896,Bobby Thomas,,25,D,COV,,,,,,,,38,284.0,569,,
1789,Lewis Hall,,21,D,NEW,GTD,18,57.3,27,226.8,30,194.8,38,283.8,95,,
14900,Jack Rudoni,,25,M,COV,GTD,,,,,,,38,282.5,531,,
1120,Emiliano Buendía,,,M,AVL,,,,12,5.0,36,178.0,38,280.0,46,,
3950,Riccardo Calafiori,,24,D,ARS,,,,19,104.5,26,227.0,38,278.8,230,,
8744,Jérémy Jacquet,,21,D,LIV,GTD,,,,,,,38,277.8,216,,
5693,Kevin,,23,F,FUL,,,,,,26,125.5,38,276.8,215,,
2520,Pedro Neto,,26,M,CHE,,20,208.5,35,249.5,34,267.5,38,276.0,44,,
2413,Jurriën Timber,,25,D,ARS,Out,2,-0.3,30,207.8,30,296.3,38,273.3,72,,
3330,Óscar Mingueza,,27,D,CRY,,,,,,,,38,273.3,238,,
1118,Youri Tielemans,,,M,MUN,,32,138.5,36,314.0,25,180.0,38,272.5,52,,
1235,Amad Diallo,,,M,MUN,,9,48.5,26,299.0,32,234.5,38,272.5,64,,
14546,Hayden Hackney,,24,M,EVE,,,,,,,,38,272.0,202,,
1571,Diego Gómez,,23,M,BHA,,,,16,60.0,32,209.5,38,271.5,76,,
7590,Johan Manzambi,,20,M,AVL,GTD,,,,,,,38,269.5,999,,
2169,Joachim Andersen,,30,D,FUL,Sus,38,319.5,30,182.3,33,235.3,38,269.3,122,,
1008,Neco Williams,,,D,NFO,,26,130.8,35,275.5,37,347.5,38,269.0,118,,
1090,Matty Cash,,,D,AVL,,29,139.0,27,168.0,35,246.5,38,268.5,88,,
3213,Kiernan Dewsbury-Hall,,27,M,EVE,,,,13,18.0,31,245.5,38,268.5,58,,
1494,Pedro Porro,,26,D,TOT,,35,335.0,33,319.8,34,300.5,38,268.3,98,,
3981,Ismaïla Sarr,,28,F,CRY,,,,38,289.5,28,190.0,38,268.3,56,,
10755,Tarik Muharemovic,,23,D,LEE,,,,,,,,38,266.8,535,,
1654,Alex Iwobi,,30,M,FUL,,32,247.5,38,364.0,29,215.5,38,266.5,42,,
1668,Harry Wilson,,29,F,LEE,,35,170.5,25,159.5,36,300.3,38,266.3,210,,
2047,Jan Paul van Hecke,,26,D,TOT,,28,183.0,34,226.3,36,359.8,38,266.3,113,,
4057,Georginio Rutter,,24,F,BHA,,,,28,164.5,32,153.0,38,266.3,249,,
2000,Beto,,28,F,EVE,,30,103.3,30,201.0,37,198.8,38,265.8,206,,
1994,Dominic Calvert-Lewin,,29,F,LEE,,32,257.0,26,140.3,35,308.5,38,263.8,73,,
1892,Levi Colwill,,23,D,CHE,GTD,23,160.5,35,264.5,3,15.0,38,263.5,242,,
4901,Viktor Gyökeres,,28,F,ARS,,,,,,36,222.3,38,262.5,39,,
2168,Chris Richards,,26,D,CRY,,26,166.5,24,165.8,33,300.0,38,259.3,142,,
14935,Mohamed Belloumi,,24,F,HUL,,,,,,,,38,259.3,591,,
4055,Mateus Fernandes,,22,M,TOT,,,,36,244.5,36,260.0,38,258.5,223,,
1854,Ryan Gravenberch,,24,M,LIV,,26,98.5,37,214.0,36,259.0,38,258.0,77,,
1113,Boubacar Kamara,,,M,AVL,,20,95.5,26,91.5,18,120.0,38,257.5,68,,
1989,James Garner,,25,M,EVE,GTD,37,241.5,21,103.5,38,355.5,38,257.0,15,,
5207,Noah Okafor,,26,F,LEE,,,,,,28,200.5,38,256.8,67,,
1024,Chris Wood,,,F,NFO,GTD,31,263.5,36,361.0,15,73.8,38,252.8,81,,
1707,Matheus Nunes,,27,D,MCI,,19,61.5,26,158.5,34,312.3,38,252.8,106,,
3041,Yéremy Pino,,23,M,CRY,,,,,,34,172.0,38,252.0,50,,
4143,Maxence Lacroix,,26,D,CHE,,,,35,287.8,35,343.5,38,251.8,121,,
1646,Kenny Tete,,30,D,FUL,,14,66.8,22,151.0,22,167.5,38,251.5,126,,
1930,Kevin Schade,,24,M,BRE,,11,49.5,38,301.5,35,260.0,38,251.5,69,,
8738,Adrien Truffert,,24,D,BOU,,,,,,38,354.8,38,251.3,96,,
3153,Omar Alderete,,29,D,SUN,GTD,,,,,33,295.8,38,250.8,137,,
14910,Haji Wright,,28,F,COV,,,,,,,,38,250.8,530,,
1773,Lewis Miley,,20,M,NEW,GTD,17,92.5,14,32.0,23,139.5,38,248.5,235,,
14891,Victor Torp,,27,M,COV,,,,,,,,38,248.0,600,,
2051,Pascal Groß,,35,M,BHA,,36,407.5,,,19,173.0,38,246.5,90,,
10534,Pascal Struijk,,26,D,BHA,,,,,,34,253.8,38,246.3,158,,
3387,Omari Hutchinson,,22,F,NFO,,,,31,182.8,31,187.5,38,246.0,91,,
10494,Trai Hume,,24,D,SUN,,,,,,38,255.8,38,244.3,61,,
3512,Ian Maatsen,,24,D,AVL,,12,5.8,29,118.8,30,142.5,38,243.8,104,,
1766,Harvey Barnes,,28,M,NEW,,21,112.5,33,239.0,37,177.0,38,243.5,75,,
1863,Alexis Mac Allister,,27,M,LIV,,33,264.5,35,276.0,37,174.5,38,242.0,80,,
3790,Mats Wieffer,,26,M,BHA,,,,25,132.5,26,165.0,38,241.5,101,,
4870,Granit Xhaka,,33,M,SUN,,,,,,34,224.5,38,239.0,86,,
1826,Marcos Senesi,,29,D,TOT,,31,243.8,17,88.0,37,380.3,38,238.5,136,,
2402,William Saliba,,25,D,ARS,Out,38,283.0,35,243.0,31,251.8,38,237.3,127,,
11573,Emersonn,,22,F,IPS,,,,,,,,38,237.3,612,,
3672,Yasin Ayari,,22,M,BHA,,,,34,173.0,29,161.5,38,237.0,251,,
4878,Jeremie Frimpong,,25,D,LIV,,,,,,21,101.3,38,235.5,103,,
1114,John McGinn,,,M,AVL,GTD,35,261.0,34,150.5,30,204.0,38,233.5,89,,
11576,Brian Brobbey,,24,F,SUN,,,,,,31,149.3,38,232.3,97,,
1829,Milos Kerkez,,22,D,LIV,,28,99.0,38,303.8,34,189.3,38,231.8,125,,
2173,Tyrick Mitchell,,26,D,CRY,,37,237.5,37,276.3,38,278.5,38,231.8,93,,
1211,Diogo Dalot,,,D,MUN,,36,288.5,33,231.5,34,246.5,38,231.5,144,,
1991,Jarrad Branthwaite,,24,D,EVE,,35,315.3,30,215.5,10,72.8,38,231.3,151,,
3222,Abdul Fatawu,,22,M,IPS,,,,11,86.0,,,38,230.5,999,,
3516,Sepp van den Berg,,24,D,BRE,Out,,,31,217.3,32,289.5,38,229.8,159,,
4049,Evanilson,,26,F,BOU,,,,31,230.3,36,196.8,38,229.5,94,,
1060,Dara O'Shea,,,D,IPS,,33,255.5,35,233.0,,,38,229.0,593,,
1097,Emiliano Martínez,,,GK,AVL,,34,199.0,37,245.0,32,251.8,38,227.3,105,,
3224,James Justin,,28,D,LEE,,,,36,218.3,29,197.5,38,225.5,161,,
3817,Jacob Greaves,,25,D,IPS,,,,25,166.5,,,38,223.8,575,,
6960,Michael Kayode,,22,D,BRE,,,,12,63.8,37,280.5,38,223.5,148,,
2421,Kai Havertz,,27,F,ARS,,37,361.0,23,215.5,12,75.0,38,222.8,83,,
1112,Jacob Ramsey,,,M,NEW,,16,49.0,29,108.5,28,117.0,38,221.0,92,,
2770,Gonzalo García,,22,F,FUL,,,,,,,,38,221.0,999,,
1911,Djordje Petrovic,,26,GK,BOU,,23,141.0,,,38,257.5,38,219.3,87,,
2165,Eberechi Eze,,28,M,ARS,,27,367.0,34,369.0,33,198.0,38,218.5,102,,
5242,António Silva,,22,D,BOU,,,,,,,,38,218.5,999,,
1816,Justin Kluivert,,27,M,BOU,,32,177.0,34,330.5,20,76.0,38,217.5,241,,
1958,Nathan Collins,,25,D,BRE,,32,227.3,38,346.0,35,279.5,38,217.5,162,,
3847,Jaden Philogene,,24,F,IPS,,,,21,63.0,,,38,217.0,564,,
1802,Joelinton,,29,M,NEW,,20,132.0,29,192.5,27,150.0,38,216.5,117,,
2186,Adam Wharton,,22,M,CRY,GTD,16,108.5,20,101.0,34,204.5,38,216.5,99,,
14906,Liam Kitching,,26,D,COV,,,,,,,,38,215.5,538,,
1821,Tyler Adams,,27,M,BOU,GTD,3,11.5,28,147.5,25,124.5,38,214.0,116,,
14924,Liam Millar,,26,F,HUL,GTD,,,,,,,38,212.0,581,,
2016,Jordan Pickford,,32,GK,EVE,,38,277.5,38,320.0,38,226.0,38,210.8,131,,
3843,Nikola Milenkovic,,28,D,NFO,,,,37,351.5,38,219.0,38,210.8,181,,
1648,Calvin Bassey,,26,D,FUL,,29,114.5,35,146.8,30,170.3,38,210.3,177,,
2008,Vitalii Mykolenko,,27,D,EVE,,28,225.5,35,287.3,33,211.8,38,209.3,168,,
2514,João Gomes,,25,M,AVL,,34,171.5,36,179.5,35,187.0,38,208.5,471,,
2170,Dean Henderson,,29,GK,CRY,,18,92.5,38,256.5,37,255.0,38,208.3,133,,
1769,Jacob Murphy,,31,M,NEW,,21,172.5,35,315.0,33,163.5,38,207.5,110,,
1009,Murillo,,,D,NFO,,32,173.3,36,317.0,25,158.5,38,207.3,180,,
4130,Ferdi Kadioglu,,26,D,BHA,,,,6,50.8,37,219.8,38,206.5,146,,
6910,Abdukodir Khusanov,,22,D,MCI,,,,6,26.5,21,128.0,38,204.8,321,,
6197,Dan Ndoye,,25,F,NFO,,,,,,24,87.0,38,202.5,123,,
14899,Matt Grimes,,31,M,COV,,,,,,,,38,202.0,604,,
2075,Jack Hinshelwood,,21,M,BHA,,12,79.5,26,151.0,27,137.0,38,201.5,154,,
1645,Bernd Leno,,34,GK,FUL,,38,253.0,38,205.0,38,222.3,38,201.0,134,,
1838,Alex Scott,,22,M,BOU,,23,100.0,20,63.5,37,233.0,38,201.0,120,,
4374,Gianluigi Donnarumma,,27,GK,MCI,,,,,,34,261.3,38,198.8,157,,
2292,Matt Crooks,,32,M,HUL,,,,,,,,38,197.5,555,,
3969,Jake O'Brien,,25,D,EVE,,,,20,134.8,37,273.0,38,197.5,179,,
2545,Joe Rodon,,28,D,LEE,,,,,,35,227.8,38,196.5,190,,
14892,Tatsuhiro Sakamoto,,29,M,COV,,,,,,,,38,196.5,603,,
1940,Keane Lewis-Potter,,25,M,BRE,,30,143.0,38,217.5,36,162.0,38,196.0,135,,
2053,Bart Verbruggen,,23,GK,BHA,,21,136.3,36,169.0,38,249.5,38,196.0,155,,
1960,Mathias Jensen,,30,M,BRE,,32,207.5,24,75.5,36,181.0,38,194.0,130,,
14908,Milan van Ewijk,,25,D,COV,,,,,,,,38,194.0,560,,
1886,Moisés Caicedo,,24,M,CHE,,35,191.0,38,236.5,33,186.0,38,193.0,109,,
14939,Charlie Hughes,,22,D,HUL,Out,,,,,,,38,193.0,586,,
11577,Senne Lammens,,24,GK,MUN,GTD,,,,,32,191.5,38,191.8,178,,
11239,Jorrel Hato,,20,D,CHE,,,,,,22,52.8,38,190.8,165,,
2079,Lewis Dunk,,34,D,BHA,,33,203.5,25,93.0,33,203.5,38,189.5,188,,
2398,Emile Smith Rowe,,26,M,FUL,,13,33.5,34,177.0,37,127.0,38,188.5,145,,
1727,Rodri,,30,M,MCI,Out,34,364.0,3,4.0,21,112.5,38,187.5,147,,
1795,Sandro Tonali,,26,M,TOT,,8,34.0,36,216.5,35,167.0,38,187.5,150,,
1107,Ezri Konsa,,,D,AVL,,35,147.5,34,153.8,34,143.0,38,186.5,183,,
1918,Robert Sánchez,,28,GK,CHE,,16,107.3,32,277.0,35,235.5,38,185.3,163,,
1007,Nicolás Domínguez,,,M,NFO,,26,122.0,34,132.0,27,94.5,38,182.5,160,,
8273,Loum Tchaouna,,22,F,COV,,,,,,29,87.5,38,181.8,582,,
1267,John Egan,,,D,HUL,GTD,6,25.3,,,,,38,181.5,602,,
1229,Lisandro Martínez,,,D,MUN,GTD,11,19.8,20,148.5,18,88.0,38,180.3,187,,
1101,Pau Torres,,,D,AVL,,29,138.0,24,89.5,21,95.8,38,178.3,184,,
1799,Tino Livramento,,23,D,NEW,GTD,26,88.3,37,205.0,17,102.3,38,178.0,191,,
8563,Jaydee Canvot,,20,D,CRY,,,,,,20,118.8,38,178.0,193,,
1710,Oscar Bobb,,23,M,FUL,,14,52.0,3,3.5,23,89.5,38,176.0,143,,
1512,Micky van de Ven,,25,D,TOT,,27,152.3,13,62.0,35,201.3,38,175.0,53,,
1275,Jayden Bogle,,,D,LEE,,34,143.0,,,34,186.8,38,174.3,194,,
1016,Ola Aina,,,D,NFO,,22,98.8,35,239.5,18,133.0,38,174.0,192,,
2914,Juanlu Sánchez,,22,M,BOU,,,,,,,,38,173.5,999,,
6166,Noah Sadiki,,21,M,SUN,,,,,,33,128.5,38,170.5,164,,
3392,Leif Davis,,26,D,IPS,,,,33,184.3,,,38,169.5,552,,
1850,Alisson Becker,,33,GK,LIV,,28,195.8,28,214.3,26,150.3,38,169.3,107,,
1220,Luke Shaw,,,D,MUN,,12,61.8,7,7.3,38,243.8,38,169.0,256,,
3768,Daichi Kamada,,30,M,CRY,,,,34,82.0,28,111.0,38,169.0,166,,
1873,Caoimhín Kelleher,,27,GK,BRE,,10,64.3,10,81.8,37,279.8,38,168.0,169,,
10540,Ethan Ampadu,,25,M,LEE,,,,,,35,246.3,38,168.0,172,,
1111,Tim Iroegbunam,,,M,EVE,GTD,9,9.5,18,41.0,29,109.0,38,166.5,303,,
3611,Djed Spence,,26,D,TOT,,,,25,138.5,30,156.3,38,166.3,78,,
5471,Gabriel Gudmundsson,,27,D,LEE,Out,,,,,32,168.3,38,166.3,295,,
1005,Matz Sels,,,GK,NFO,,16,49.8,38,299.5,31,201.0,38,166.0,173,,
1934,Frank Onyeka,,28,M,COV,,26,110.0,2,-0.5,6,10.0,38,166.0,539,,
1001,Ibrahim Sangaré,,,M,NFO,,17,52.0,13,40.5,28,146.0,38,164.5,171,,
1031,James Trafford,,,GK,LEE,,28,161.5,,,4,31.5,38,163.0,371,,
3851,Leny Yoro,,20,D,MUN,,,,21,36.8,32,117.8,38,163.0,359,,
2859,Reinildo Mandava,,32,D,SUN,,,,,,25,141.8,38,162.8,196,,
3956,César Palacios,,21,M,FUL,,,,,,,,38,161.0,999,,
1664,Sasa Lukic,,29,M,IPS,,24,73.0,30,132.5,26,136.0,38,160.5,112,,
14930,Regan Slater,,26,M,HUL,,,,,,,,38,158.0,608,,
1047,Sander Berge,,,M,FUL,,37,175.5,31,97.0,35,144.5,38,154.5,182,,
14938,Semi Ajayi,,32,D,HUL,,,,,,,,38,152.3,580,,
14903,Jay Dasilva,,28,D,COV,,,,,,,,38,151.5,577,,
11525,Darnell Furlong,,30,D,IPS,,,,,,,,38,145.0,540,,
1949,Yehor Yarmoliuk,,22,M,BRE,,27,49.0,31,70.0,37,159.0,38,144.5,185,,
11182,Robin Roefs,,23,GK,SUN,,,,,,35,295.8,38,143.5,186,,
3379,Jack Taylor,,28,M,IPS,GTD,,,32,44.0,,,38,141.0,542,,
1232,Kobbie Mainoo,,,M,MUN,GTD,24,150.0,25,86.5,28,127.0,38,139.5,189,,
16100,Lukás Hornícek,,24,GK,NEW,,,,,,,,38,139.0,999,,
3682,Carl Rushworth,,25,GK,COV,,,,0,0.0,,,38,130.8,264,,
5108,Antonín Kinsky,,23,GK,TOT,,,,6,55.3,7,28.5,38,126.8,434,,
14927,Lewie Coyle,,30,D,HUL,,,,,,,,38,126.5,587,,
2707,Mikel Merino,,30,M,ARS,,,,28,201.0,22,125.5,38,115.5,195,,
2700,Martín Zubimendi,,27,M,ARS,,,,,,38,226.0,38,113.0,197,,
5782,Jack Butland,,33,GK,HUL,Out,,,,,,,38,112.8,594,,
14937,Ryan Giles,,26,D,HUL,,,,,,,,38,109.3,561,,
9599,Luka Vuskovic,,19,D,BHA,,,,,,0,0.0,38,107.5,141,,
1794,Nick Pope,,34,GK,NEW,,15,109.3,28,242.3,27,214.8,38,102.8,139,,
1779,Dan Burn,,34,D,NEW,,33,280.8,37,320.5,29,214.5,38,101.8,209,,
7573,Bazoumana Touré,,20,F,NEW,,,,,,,,38,92.3,199,,
11474,Mamadou Sangaré,,24,M,BRE,,,,,,,,38,91.5,999,,
3653,Jaidon Anthony,,26,M,BRE,,3,4.0,0,0.0,37,258.0,38,91.0,200,,
7733,Hugo Ekitiké,,24,F,LIV,Out,,,,,28,252.8,38,90.5,617,,
1804,Fabian Schär,,34,D,NEW,GTD,36,274.8,34,257.8,16,127.3,38,82.5,229,,
7986,Michael Svoboda,,27,D,BHA,,,,,,,,38,80.3,220,,
1999,Michael Keane,,33,D,EVE,,9,40.0,14,105.3,33,298.3,38,79.8,217,,
1486,Cristian Romero,,28,D,TOT,GTD,33,278.5,18,134.0,23,218.0,38,78.5,149,,
4051,Matthijs de Ligt,,26,D,MUN,Out,,,28,188.3,13,113.0,38,78.5,129,,
7093,Patrick Dorgu,,21,D,MUN,,,,12,59.8,26,242.5,38,78.5,37,,
2793,Álvaro Rodríguez,,22,F,BOU,,,,,,,,38,76.8,203,,
1507,Richarlison,,29,F,TOT,,28,224.3,15,68.0,32,263.3,38,74.3,208,,
3649,Yankuba Minteh,,22,F,BHA,GTD,,,32,254.5,34,282.5,38,73.3,115,,
6611,Víctor Muñoz,,23,F,LIV,,,,,,,,38,72.8,212,,
3309,Jørgen Strand Larsen,,26,F,CRY,,,,35,290.3,36,134.0,38,70.5,218,,
5226,Benjamin Sesko,,23,F,MUN,GTD,,,,,30,221.3,38,70.5,35,,
1511,Dejan Kulusevski,,26,M,TOT,GTD,36,326.0,32,274.5,,,38,69.5,222,,
14898,Ephron Mason-Clark,,26,F,COV,,,,,,,,38,69.5,606,,
1217,Marcus Rashford,,,M,MUN,,33,213.5,25,193.5,,,38,69.0,140,,
2015,Amadou Onana,,24,M,AVL,Out,30,151.5,26,143.0,25,138.0,38,68.5,618,,
1508,Ryan Sessegnon,,26,M,FUL,,,,16,111.0,27,145.5,38,68.0,205,,
3679,Kjell Scherpen,,26,GK,IPS,,,,,,,,38,68.0,999,,
3676,Ibrahim Osman,,21,F,BHA,,,,,,,,38,66.5,227,,
5240,Xavi Simons,,23,M,TOT,Out,,,,,28,171.0,38,66.0,226,,
4867,Piero Hincapié,,24,D,ARS,,,,,,25,174.0,38,65.8,66,,
1998,Lewis Dobbin,,23,F,SOU,,12,31.0,,,,,38,65.5,999,,
8306,Jaka Bijol,,27,D,LEE,,,,,,25,202.5,38,65.0,167,,
1657,Rodrigo Muniz,,25,F,FUL,,26,208.5,31,167.5,21,80.0,38,63.8,47,,
1015,Callum Hudson-Odoi,,,M,NFO,,29,229.3,31,235.0,30,191.5,38,63.5,213,,
10524,Joe Gelhardt,,24,F,LEE,,,,,,,,38,63.3,207,,
8595,Emmanuel Emegha,,23,F,CHE,GTD,,,,,,,38,61.5,204,,
1117,Lucas Digne,,,D,PSG,,33,189.8,32,232.0,31,217.8,38,61.3,211,,
8748,Arnaud Kalimuendo,,24,F,NFO,,,,,,9,6.3,38,61.3,224,,
9139,Igor Jesus,,25,F,NFO,,,,,,37,203.0,38,61.3,225,,
4077,Thierno Barry,,23,F,EVE,,,,,,38,194.8,38,60.5,231,,
1673,Timothy Castagne,,30,D,FUL,,34,213.3,24,131.8,30,145.3,38,58.8,252,,
1705,Rúben Dias,,29,D,MCI,,30,180.8,27,160.5,26,220.3,38,58.8,138,,
2176,Danny Imray,,23,D,CRY,,,,,,0,0.0,38,58.8,253,,
14909,Brandon Thomas-Asante,,27,F,COV,,,,,,,,38,58.8,596,,
1714,Jack Grealish,,30,M,MCI,GTD,20,97.0,20,74.5,20,174.0,38,58.5,232,,
1238,Harry Amass,,,D,MUN,,0,0.0,5,7.3,,,38,58.0,317,,
2227,Ross Barkley,,32,M,AVL,,32,283.0,20,80.5,21,90.0,38,57.5,262,,
8701,Evann Guessand,,25,F,AVL,,,,,,21,69.5,38,57.5,221,,
1893,Trevoh Chalobah,,27,D,COM,,13,70.8,25,207.5,34,251.5,38,56.0,247,,
2202,Issa Kaboré,,25,D,MCI,,24,94.5,0,0.0,,,38,55.8,254,,
8601,Dilane Bakwa,,23,F,NFO,,,,,,14,49.0,38,55.5,233,,
5457,Bafodé Diakité,,25,D,BOU,,,,,,18,86.8,38,54.3,156,,
5468,Thomas Meunier,,34,D,SUN,,,,,,,,38,54.0,237,,
1847,Curtis Jones,,25,M,LIV,GTD,23,54.5,33,143.0,34,130.5,38,53.0,243,,
5193,Samuel Chukwueze,,27,F,MIL,,,,,,23,137.5,38,52.5,999,,
4115,Jack Clarke,,25,F,IPS,,,,32,117.3,,,38,52.3,567,,
10118,Junior Kroupi,,20,F,BOU,Out,,,,,33,217.3,38,52.3,71,,
1012,Anthony Elanga,,,M,NEW,GTD,36,257.0,38,311.5,32,74.0,38,51.5,124,,
1864,Stefan Bajcetic,,21,M,LIV,GTD,1,1.0,,,,,38,51.5,244,,
2177,David Ozoh,,21,M,CRY,,9,4.5,,,,,38,51.5,263,,
5191,Tijjani Reijnders,,28,M,MCI,,,,,,28,149.0,38,51.5,270,,
10528,Brenden Aaronson,,25,M,LEE,,,,,,37,215.0,38,51.5,119,,
2071,Danny Welbeck,,35,F,CHE,,29,147.8,30,222.5,37,232.0,38,51.3,60,,
1835,Lewis Cook,,29,M,BOU,,33,240.5,36,226.0,18,72.5,38,51.0,234,,
10119,Tyler Bindon,,21,D,NFO,,,,,,,,38,50.8,291,,
1833,Ryan Christie,,31,M,BOU,Sus,37,289.0,29,214.0,26,93.5,38,50.5,236,,
6940,Omar Marmoush,,27,F,MCI,,,,16,155.3,21,90.0,38,50.3,245,,
1206,Harry Maguire,,,D,MUN,,22,193.8,27,165.8,23,174.8,38,49.8,287,,
1923,Noni Madueke,,24,M,ARS,,23,167.5,32,271.5,26,143.5,38,49.5,228,,
1092,Tyrone Mings,,,D,AVL,,1,1.8,14,85.8,17,86.3,38,49.3,268,,
7074,Eiran Cashin,,24,D,BHA,,,,2,0.5,,,38,49.0,288,,
2003,Dwight McNeil,,26,M,EVE,GTD,35,299.3,21,194.0,22,80.5,38,48.5,108,,
4270,Maxim De Cuyper,,25,D,BHA,,,,,,30,169.5,38,48.5,299,,
6074,Marco Palestra,,21,D,CHE,,,,,,,,38,48.3,246,,
6909,Vitor Reis,,20,D,MCI,,,,1,1.3,,,38,47.3,280,,
1948,Vitaly Janelt,,28,M,BRE,,38,207.5,32,122.0,25,135.0,38,47.0,248,,
2525,Rayan Aït-Nouri,,25,D,MCI,,33,158.3,37,324.0,17,126.5,38,47.0,266,,
1909,Nicolas Jackson,,25,F,CHE,,35,341.3,30,242.3,,,38,46.3,111,,
2175,Jefferson Lerma,,31,M,CRY,,28,171.5,33,126.5,31,111.5,38,46.0,265,,
1901,Wesley Fofana,,25,D,CHE,Sus,,,14,80.5,25,174.3,38,45.8,128,,
2068,Evan Ferguson,,21,F,BHA,Out,27,114.5,21,33.8,,,38,45.8,274,,
2185,Jesurun Rak-Sakyi,,23,F,CRY,,6,13.0,,,0,0.0,38,45.8,273,,
2393,Eddie Nketiah,,27,F,CRY,,27,115.5,29,99.0,12,51.5,38,45.8,260,,
1237,Alejandro Garnacho,,,M,AVL,,36,280.0,36,223.0,24,124.0,38,45.5,271,,
1857,Conor Bradley,,23,D,LIV,Out,11,107.8,19,72.3,15,73.8,38,45.5,282,,
8739,Azor Matusiwa,,28,M,IPS,GTD,,,,,,,38,45.5,610,,
1515,Manor Solomon,,27,M,TOT,,5,46.3,,,0,0.0,38,45.0,257,,
1253,Daniel Jebbison,,,F,BOU,,1,0.0,16,23.8,,,38,44.0,239,,
1483,Brennan Johnson,,25,M,CRY,,35,276.8,33,234.5,34,100.5,38,44.0,267,,
3423,Largie Ramazani,,25,F,LEE,,,,,,0,0.0,38,44.0,259,,
1488,Rodrigo Bentancur,,29,M,TOT,,23,68.5,26,119.0,26,140.5,38,43.5,276,,
4257,Chemsdine Talbi,,21,F,SUN,,,,,,28,110.3,38,43.5,261,,
1957,Yoane Wissa,,29,F,NEW,,34,274.0,35,352.3,19,29.5,38,43.3,40,,
7755,Aurèle Amenda,,23,D,COV,,,,,,,,38,43.3,571,,
14936,Cody Drameh,,24,D,HUL,GTD,,,,,,,38,43.3,588,,
1504,Pape Matar Sarr,,23,M,TOT,,34,175.5,36,172.5,26,136.0,38,43.0,278,,
8599,Habib Diarra,,22,M,SUN,,,,,,20,71.0,38,42.5,272,,
7723,Lukas Nmecha,,27,F,LEE,,,,,,31,132.8,38,42.3,269,,
10492,Wilson Isidor,,25,F,SUN,,,,,,32,111.3,38,41.8,277,,
2044,Valentín Barco,,22,M,CHE,,6,12.5,0,0.0,,,38,41.5,999,,
3377,Christian Walton,,30,GK,IPS,,,,7,27.5,,,38,41.5,572,,
1933,Kristoffer Ajer,,28,D,BRE,,28,175.5,24,79.8,27,155.8,38,41.3,307,,
3570,Radek Vítek,,22,GK,MUN,,0,0.0,,,,,38,41.3,999,,
1516,Guglielmo Vicario,,29,GK,TOT,,38,217.5,24,139.3,31,171.8,38,41.0,176,,
1672,João Palhinha,,31,M,FCB,,33,218.0,,,33,197.0,38,41.0,999,,
14893,Ellis Simms,,25,F,COV,,,,,,,,38,41.0,589,,
2551,David Brooks,,29,M,BOU,GTD,13,48.0,29,100.5,31,124.0,38,40.5,258,,
4118,Matt O'Riley,,25,M,BHA,GTD,,,21,112.5,6,25.5,38,40.5,293,,
8487,Cédric Kipré,,29,D,IPS,,,,,,,,38,40.3,590,,
9697,Mike Penders,,21,GK,CHE,,,,,,,,38,40.3,250,,
3394,Harry Clarke,,25,D,IPS,,,,7,4.5,,,38,40.0,533,,
10537,Daniel James,,28,F,LEE,,,,,,19,42.0,38,40.0,275,,
13350,Anis Mehmeti,,25,M,IPS,,,,,,,,38,40.0,611,,
1782,Matt Targett,,30,D,HUL,,3,-4.0,2,2.0,,,38,39.8,999,,
1104,Douglas Luiz,,,M,JUV,,35,309.5,,,21,87.5,38,39.5,999,,
2066,Simon Adingra,,24,M,SUN,,31,249.0,29,122.5,14,44.0,38,39.5,279,,
3660,Andrey Santos,,22,M,MUN,,1,0.0,,,27,71.0,38,39.0,296,,
1496,Ashley Phillips,,21,D,TOT,,0,0.0,,,,,38,38.8,324,,
7092,Kevin Danso,,27,D,TOT,,,,10,62.0,24,152.3,38,38.5,329,,
10504,Alan Browne,,31,M,SUN,,,,,,,,38,38.5,286,,
11535,Marcelino Núñez,,26,M,IPS,,,,,,,,38,38.5,550,,
3658,Luke Chambers,,22,D,LIV,,0,0.0,,,,,38,37.5,999,,
6886,Romain Esse,,21,M,CRY,,,,7,31.0,4,1.5,38,37.5,312,,
11286,Divine Mukasa,,18,M,MCI,,,,,,2,2.0,38,37.5,999,,
14890,Josh Eccles,,26,M,COV,,,,,,,,38,37.5,598,,
1793,Sean Longstaff,,28,M,LEE,,35,185.0,25,37.0,23,123.5,38,37.0,289,,
9438,Estêvão,,19,F,CHE,,,,,,22,98.8,38,37.0,57,,
1784,Martin Dúbravka,,37,GK,TOT,,23,163.5,10,87.3,35,210.8,38,36.5,302,,
2070,Carlos Baleba,,22,M,BHA,GTD,27,70.5,34,213.0,31,87.5,38,36.5,175,,
4052,Noussair Mazraoui,,28,D,MUN,,,,36,227.8,20,96.5,38,36.5,338,,
5548,Nicolò Savona,,23,D,NFO,GTD,,,,,14,74.8,38,36.5,309,,
1502,Alfie Devine,,21,M,TOT,,,,0,0.0,,,38,36.0,999,,
3602,Charly Alcaraz,,23,M,EVE,,,,16,101.0,20,52.5,38,36.0,294,,
5192,Tammy Abraham,,28,F,AVL,,,,,,12,35.8,38,36.0,285,,
5248,Florentino,,26,M,IPS,,,,,,31,141.0,38,36.0,570,,
10533,Darko Gyabi,,22,M,HUL,Out,,,,,,,38,36.0,546,,
3766,Samuel Iling-Junior,,22,F,AVL,,,,,,0,0.0,38,35.8,292,,
4876,Amine Adli,,26,F,BOU,GTD,,,,,31,122.8,38,35.8,281,,
1867,Lewis Koumas,,20,F,LIV,,0,0.0,,,,,38,35.5,999,,
1904,Malo Gusto,,23,D,CHE,,27,157.3,32,125.5,34,183.3,38,35.3,170,,
3837,Will Lankshear,,21,F,TOT,,,,3,0.0,,,38,35.3,298,,
8357,Lucas Perri,,28,GK,LEE,GTD,,,,,16,56.0,38,34.8,152,,
6624,Rio Ngumoha,,17,F,LIV,,,,,,19,97.8,38,34.3,240,,
1915,Conor Gallagher,,26,M,TOT,,37,328.5,,,16,94.5,38,34.0,306,,
10530,Mateo Joseph,,22,F,LEE,Out,,,,,,,38,34.0,304,,
5965,Jamie Gittens,,22,F,CHE,,,,,,16,51.8,38,33.8,301,,
2192,Will Hughes,,31,M,CRY,,30,111.0,33,132.0,31,76.0,38,33.5,315,,
3687,Christantus Uche,,23,M,GET,Out,,,,,14,7.5,38,33.5,999,,
3882,Jaden Heskey,,20,F,MCI,,,,,,,,38,33.5,305,,
4391,Randal Kolo Muani,,27,F,JUV,,,,,,30,104.5,38,33.5,999,,
10538,Ilia Gruev,,26,M,LEE,GTD,,,,,23,83.0,38,33.5,330,,
1885,Axel Disasi,,28,D,CHE,,31,155.8,13,65.0,14,85.3,38,33.3,320,,
7845,Luca Netz,,23,D,NFO,,,,,,7,17.3,38,33.3,326,,
10130,Charalampos Kostoulas,,19,F,BHA,,,,,,21,77.0,38,33.3,313,,
4463,Marco Bizot,,35,GK,AVL,,,,,,7,32.5,38,33.0,297,,
10518,Jenson Seelt,,23,D,SUN,,,,,,2,5.3,38,33.0,340,,
5218,Xaver Schlager,,28,M,NFO,,,,,,,,38,32.5,999,,
10500,Romaine Mundle,,23,F,SUN,,,,,,14,15.5,38,32.5,310,,
1775,Joe Willock,,26,M,NEW,,9,41.0,32,80.0,24,76.0,38,32.0,290,,
1997,Jack Harrison,,29,F,NE,,29,179.5,34,142.8,11,18.0,38,32.0,300,,
2417,Ben White,,28,D,ARS,,37,330.8,17,111.5,12,90.0,38,32.0,284,,
3875,Stephen Mfuni,,18,D,MCI,,,,,,0,0.0,38,32.0,999,,
3635,Luke Harris,,21,M,FUL,,1,3.0,,,,,38,31.5,308,,
2985,Cristhian Mosquera,,22,D,ARS,,,,,,20,73.3,38,31.3,327,,
2975,Giorgi Mamardashvili,,25,GK,LIV,,,,,,10,67.3,38,31.0,318,,
4036,Harrison Armstrong,,19,M,EVE,,,,3,-1.0,13,26.0,38,31.0,319,,
1051,Wilson Odobert,,,F,TOT,Out,29,184.5,16,45.8,24,94.8,38,30.8,311,,
3833,Joshua Zirkzee,,25,F,MUN,,,,32,98.5,24,74.8,38,30.8,337,,
2069,Joël Veltman,,34,D,WHU,,27,106.5,21,114.0,24,82.0,38,30.5,999,,
5227,Lutsharel Geertruida,,26,D,RBL,,,,,,28,90.3,38,30.3,999,,
10957,Jordan Henderson,,36,M,CHE,Out,,,,,32,112.0,38,30.0,255,,
14925,Abdülkadir Ömür,,27,M,HUL,,,,,,,,38,30.0,544,,
2547,Josh Wilson-Esbrand,,23,D,MCI,,,,0,0.0,,,38,29.8,322,,
14907,Joel Latibeaudiere,,26,D,COV,,,,,,,,38,29.8,565,,
3769,Archie Gray,,20,M,TOT,,,,28,46.5,24,83.0,38,29.5,214,,
4054,Sam Szmodics,,30,F,IPS,,,,19,81.5,,,38,29.5,532,,
6516,Aladji Bamba,,20,M,NEW,,,,,,,,38,29.5,999,,
1798,Harrison Ashby,,24,D,LUT,,,,,,,,38,28.8,999,,
3022,Savinho,,22,F,MCI,,,,29,242.8,24,78.5,38,28.8,323,,
3373,George Hirst,,27,F,IPS,,,,26,66.5,,,38,28.8,597,,
2418,Gabriel Jesus,,29,F,ARS,,27,195.8,17,67.8,14,61.3,38,28.5,325,,
2940,Chadi Riad,,23,D,CRY,,,,1,4.0,9,39.0,38,28.5,999,,
1505,Destiny Udogie,,23,D,TOT,,28,165.8,25,103.5,20,50.3,38,28.3,198,,
14895,Oliver Dovin,,24,GK,COV,,,,,,,,38,28.3,549,,
1108,Kaine Kesler-Hayden,,,D,COV,,3,0.0,,,,,38,27.8,585,,
1959,Ethan Pinnock,,33,D,BRE,,29,265.8,22,173.8,4,30.3,38,27.5,339,,
3386,Wes Burns,,31,M,LEI,,,,18,58.5,,,38,27.5,553,,
7103,Alex Palmer,,30,GK,IPS,,,,13,61.8,,,38,27.3,558,,
15847,Óscar Zambrano,,22,M,HUL,Out,,,,,,,38,27.0,999,,
1098,Leon Bailey,,,F,AVL,GTD,35,321.0,24,77.5,13,38.5,38,26.8,314,,
3644,Liam Delap,,23,F,CHE,,,,37,252.5,28,47.8,38,26.8,283,,
1495,Ben Davies,,33,D,TOT,,17,86.3,17,103.8,3,24.0,38,26.5,346,,
1825,Adam Smith,,35,D,BOU,,28,135.3,25,81.0,22,89.0,38,26.3,201,,
3066,Jorge Cuenca,,26,D,FUL,,,,8,14.5,15,67.3,38,26.0,366,,
1778,Callum Wilson,,34,F,BRE,,20,142.0,18,4.8,32,132.3,38,25.8,331,,
1224,Mason Mount,,,M,MUN,GTD,14,43.0,17,46.5,23,85.5,38,25.5,348,,
2063,Facundo Buonanotte,,21,M,ELC,,27,102.5,31,181.0,4,5.0,38,25.5,351,,
2159,Divin Mubama,,21,F,MCI,,5,2.0,1,-0.5,,,38,25.5,999,,
10523,Ao Tanaka,,27,M,LEE,,,,,,28,108.0,38,25.5,333,,
2073,Mark O'Mahony,,21,F,BHA,,3,-0.3,0,0.0,,,38,25.3,377,,
1027,Ryan Yates,,,M,NFO,,35,125.0,35,136.0,22,49.5,38,24.5,336,,
1944,Christian Nørgaard,,32,M,EVE,,31,195.0,34,257.0,7,5.5,38,24.5,332,,
3390,Luke Woolfenden,,27,D,COV,,,,15,47.0,,,38,24.5,547,,
7104,Stefanos Tzimas,,20,F,BHA,GTD,,,,,9,25.8,38,24.3,342,,
1665,Tom Cairney,,35,M,FUL,Out,34,140.0,25,50.0,24,50.5,38,24.0,343,,
11544,Sindre Egeli,,20,F,IPS,,,,,,,,38,24.0,584,,
10509,Anthony Patterson,,26,GK,SUN,,,,,,0,0.0,38,23.8,347,,
10536,Karl Darlow,,35,GK,MUN,GTD,,,,,22,143.3,38,23.8,358,,
1649,Josh King,,19,M,FUL,,0,0.0,8,14.0,32,93.5,38,23.5,316,,
11587,Abu Kamara,,23,F,HUL,,,,,,,,38,23.3,599,,
14932,Paddy McNair,,31,D,HUL,GTD,,,,,,,38,23.3,543,,
3610,Lucas Bergvall,,20,M,TOT,,,,27,94.5,23,78.5,38,23.0,352,,
3814,Malick Yalcouyé,,20,M,BHA,,,,,,,,38,23.0,365,,
1853,Ben Gannon-Doak,,20,F,BOU,,1,0.0,,,8,15.0,38,22.8,328,,
6652,Yang Min-Hyeok,,20,F,TOT,,,,0,0.0,,,38,22.8,344,,
8580,Mamadou Sarr,,20,D,CHE,GTD,,,,,3,1.3,38,22.8,334,,
2161,Cheick Doucouré,,26,M,CRY,,11,65.5,13,20.5,,,38,22.5,999,,
10532,Wilfried Gnonto,,22,F,LEE,,,,,,23,38.5,38,22.5,345,,
4134,Gustavo Nunes,,20,F,BRE,,,,3,2.5,0,0.0,38,22.3,353,,
1652,Tosin Adarabioyo,,28,D,CHE,,20,163.0,22,140.8,16,74.5,38,22.0,357,,
1931,Rico Henry,,29,D,BRE,,5,37.3,5,2.5,25,75.8,38,22.0,389,,
4144,Manuel Ugarte,,25,M,MUN,Out,,,29,118.5,22,67.0,38,22.0,619,,
6744,Aaron Anselmino,,21,D,CHE,GTD,,,0,0.0,,,38,22.0,362,,
7086,Chuba Akpom,,30,F,IPS,,,,,,,,38,22.0,605,,
8427,Benjamin Lecomte,,35,GK,FUL,,,,,,0,0.0,38,21.8,356,,
13004,Alysson Edward,,20,F,AVL,,,,,,3,3.0,38,21.8,341,,
1514,Jamie Donley,,21,M,TOT,,3,-1.5,,,,,38,21.5,355,,
2394,Ethan Nwaneri,,19,M,ARS,,1,2.0,26,141.5,6,5.5,38,21.5,349,,
7588,Merlin Röhl,,24,M,EVE,,,,,,16,46.0,38,21.5,174,,
7726,Sebastiaan Bornauw,,27,D,LEE,,,,,,12,40.0,38,21.5,387,,
1226,Victor Lindelöf,,,D,AVL,,19,98.0,16,46.0,17,35.5,38,21.3,382,,
1878,Andy Robertson,,32,D,TOT,,23,228.5,33,171.0,24,111.5,38,21.3,132,,
10525,Joël Piroe,,27,F,LEE,,,,,,16,11.8,38,21.3,360,,
14931,David Akintola,,30,F,HUL,,,,,,,,38,21.3,609,,
1491,Radu Dragusin,,24,D,FIO,,9,26.0,16,71.5,10,43.5,38,21.0,999,,
2416,Reiss Nelson,,26,M,ARS,,15,17.8,12,71.5,10,18.0,38,21.0,350,,
2554,Fábio Carvalho,,23,F,BRE,,,,19,53.5,6,13.0,38,21.0,354,,
1709,Max Alleyne,,21,D,MCI,,,,0,0.0,2,16.0,38,20.8,376,,
1500,James Maddison,,29,M,TOT,GTD,28,289.0,31,282.5,3,0.5,38,20.5,70,,
1843,Joe Gomez,,29,D,LIV,Out,32,157.8,9,39.8,21,53.8,38,20.3,153,,
2206,Chiedozie Ogbene,,29,F,IPS,,30,214.8,5,9.3,,,38,20.3,545,,
4361,Olivier Boscagli,,28,D,BHA,,,,,,12,80.0,38,20.3,379,,
5027,Veljko Milosavljevic,,19,D,BOU,GTD,,,,,7,32.3,38,20.3,368,,
1010,Taiwo Awoniyi,,,F,NFO,GTD,20,130.3,26,26.3,17,73.0,38,20.0,361,,
10125,Freddie Woodman,,29,GK,LIV,,,,,,3,12.8,38,20.0,363,,
2187,Matheus França,,22,F,CRY,,10,25.3,4,17.8,,,38,19.8,370,,
4147,Morato,,25,D,NFO,,,,26,50.3,21,88.8,38,19.5,396,,
4137,Federico Chiesa,,28,F,LIV,,,,6,5.3,26,47.8,38,19.3,364,,
7117,Nico González,,24,M,MCI,,,,11,32.0,25,106.5,38,18.5,372,,
10496,Luke O'Nien,,31,M,SUN,,,,,,12,21.0,38,18.5,367,,
1831,Enes Ünal,,29,F,BOU,,16,67.5,17,48.0,23,22.0,38,17.8,374,,
1849,Kostas Tsimikas,,30,D,LIV,,13,94.3,18,105.3,,,38,17.8,383,,
9108,Jair Cunha,,21,D,NFO,,,,,,9,22.8,38,17.8,397,,
3777,Mason Burstow,,22,F,HUL,,2,0.0,,,,,38,17.3,578,,
10478,Kota Takai,,21,D,TOT,,,,,,0,0.0,38,17.3,388,,
10507,Chris Rigg,,19,M,SUN,,,,,,18,59.0,38,17.0,369,,
1729,Mateo Kovacic,,32,M,MCI,,30,91.5,31,208.0,6,14.5,38,16.5,381,,
2414,Myles Lewis-Skelly,,19,D,ARS,,0,0.0,23,47.0,20,28.3,38,16.0,404,,
2871,Tyler Dibling,,20,M,EVE,,,,33,120.5,14,24.0,38,16.0,373,,
1894,Benoît Badiashile,,25,D,CHE,,18,83.3,5,20.0,8,18.8,38,15.8,398,,
10529,Illan Meslier,,26,GK,ARS,,,,,,0,0.0,38,15.8,384,,
1809,Mark Travers,,27,GK,EVE,,4,38.0,5,43.3,0,0.0,38,15.5,385,,
2774,Kepa Arrizabalaga,,31,GK,ARS,,,,31,213.5,1,4.8,38,15.5,386,,
11050,Max Dowman,,16,M,ARS,,,,,,6,26.5,38,15.5,999,,
14929,Matty Jacob,,25,D,HUL,GTD,,,,,,,38,15.3,534,,
3218,Kasey McAteer,,24,M,IPS,,,,18,71.0,,,38,15.0,556,,
1715,Nathan Aké,,31,D,FB,,29,166.0,10,38.5,18,58.0,38,14.0,999,,
2395,Amario Cozier-Duberry,,21,M,BHA,,,,,,,,38,14.0,406,,
10378,Max Wöber,,28,D,S04,,,,,,,,38,13.8,400,,
2172,Justin Devenny,,22,M,CRY,,,,23,51.0,21,42.0,38,13.5,401,,
10895,Brian Madjo,,17,F,AVL,,,,,,,,38,13.5,395,,
1046,David Datro Fofana,,,F,CHE,,15,94.0,,,,,38,13.0,375,,
1946,Yunus Konak,,20,M,BRE,,0,0.0,10,5.0,0,0.0,38,13.0,394,,
2137,Ben Johnson,,26,D,IPS,,14,22.3,23,72.8,,,38,13.0,601,,
2401,Ayden Heaven,,19,D,MUN,,,,4,19.0,17,61.5,38,12.8,411,,
9119,John Victor,,30,GK,NFO,,,,,,5,4.0,38,12.8,390,,
1482,Yves Bissouma,,29,M,TOT,,28,104.5,28,83.0,11,23.5,38,12.5,999,,
1920,Roméo Lavia,,22,M,CHE,,1,0.0,16,53.0,12,15.0,38,12.5,380,,
6341,Jamaldeen Jimoh-Aloba,,19,M,AVL,,,,0,0.0,1,0.0,38,12.5,403,,
8143,Borna Sosa,,28,D,CRY,,,,,,7,5.0,38,12.5,393,,
1928,Tyrique George,,20,F,EVE,,0,0.0,8,30.3,15,25.5,38,12.0,391,,
2543,Matai Akinmboni,,19,D,BOU,,,,0,0.0,,,38,12.0,378,,
1667,Issa Diop,,29,D,IPS,,18,80.5,21,52.0,13,44.5,38,11.8,335,,
1725,Rico Lewis,,21,D,MCI,,16,47.3,28,83.0,11,24.0,38,11.8,416,,
1950,Aaron Hickey,,24,D,BRE,,9,3.5,0,0.0,21,36.3,38,11.8,422,,
2145,Kalvin Phillips,,30,M,MCI,,12,10.0,19,49.5,,,38,11.5,402,,
2392,Takehiro Tomiyasu,,27,D,CRY,,22,110.0,1,0.3,,,38,11.5,999,,
4138,Dário Essugo,,21,M,CHE,,,,,,3,0.5,38,11.5,392,,
1489,Mikey Moore,,18,F,TOT,,2,0.0,10,16.3,,,38,11.0,405,,
5796,Kieran Dowell,,28,M,HUL,,,,,,,,38,10.5,574,,
3375,Ali Al Hamadi,,24,F,IPS,,,,11,2.0,,,38,10.3,568,,
13634,Jesse Derry,,19,F,SCP,,,,,,1,6.0,38,9.5,999,,
14901,Jake Bidwell,,33,D,COV,,,,,,,,38,9.5,573,,
7156,Jeremy Monga,,17,F,MCI,,,,7,7.5,,,38,9.0,409,,
10517,Leo Hjelde,,22,D,SUN,,,,,,0,0.0,38,9.0,423,,
6386,Adam Aznou,,20,D,EVE,,,,,,0,0.0,38,8.8,418,,
4026,Lamare Bogarde,,22,M,AVL,,,,8,8.8,28,31.8,38,8.5,412,,
3552,Kosta Nedeljkovic,,20,D,AVL,,,,5,3.8,,,38,8.3,433,,
1209,Toby Collyer,,,M,MUN,,0,0.0,6,17.0,,,38,8.0,413,,
2009,Nathan Patterson,,24,D,EVE,,20,70.0,10,28.3,7,31.8,38,7.8,431,,
9592,Tom Watson,,20,F,LEI,,,,,,6,1.0,38,7.8,429,,
1258,James McAtee,,,M,NFO,,31,158.0,15,46.0,14,20.0,38,7.5,414,,
1910,Mykhailo Mudryk,,25,M,CHE,,31,181.5,7,9.5,,,38,7.5,410,,
4327,Antoni Milambo,,21,M,BRE,GTD,,,,,1,2.0,38,7.5,420,,
10963,Sverre Nypan,,19,M,MCI,,,,,,,,38,7.5,999,,
2880,Jayden Meghoma,,20,D,BRE,,,,1,0.0,,,38,7.3,407,,
14904,Raphael Borges Rodrigues,,22,F,COV,,,,,,,,38,7.3,607,,
2065,Igor Julio,,28,D,BHA,,24,79.8,13,30.5,4,4.0,38,7.0,438,,
10513,Luís Semedo,,22,F,SUN,,,,,,,,38,6.8,430,,
10531,Sam Byram,,32,D,LEE,,,,,,2,-0.5,38,6.8,435,,
5405,Alex Tóth,,20,M,BOU,,,,,,9,9.5,38,6.5,415,,
8758,Harry Howell,,18,M,BHA,,,,1,1.0,3,2.0,38,6.5,999,,
1876,Harvey Elliott,,23,M,LIV,,34,198.5,18,51.5,5,4.0,38,6.0,425,,
6678,Claudio Echeverri,,20,M,MCI,,,,1,-0.5,,,38,6.0,417,,
13210,Djiamgone Jocelin Ta Bi,,21,F,SUN,,,,,,1,1.5,38,6.0,428,,
1819,Max Aarons,,26,D,BOU,,20,42.8,3,10.0,,,38,5.8,448,,
6676,Melker Ellborg,,23,GK,SUN,,,,,,3,27.5,38,5.8,432,,
1927,Josh Acheampong,,20,D,CHE,,1,3.0,4,-0.8,17,59.0,38,5.5,437,,
11093,Rio Cardines,,20,M,CRY,,,,,,1,7.5,38,5.5,999,,
3073,Filip Jörgensen,,24,GK,CHE,,,,6,32.0,5,15.0,38,5.3,399,,
8251,Christos Mandas,,24,GK,LAZ,,,,,,0,0.0,38,5.3,999,,
13283,Souza,,20,D,TOT,,,,,,4,4.0,38,5.3,426,,
1497,Fraser Forster,,38,GK,BOU,,0,0.0,7,43.8,0,0.0,38,5.0,421,,
1658,Harrison Reed,,31,M,FUL,,27,72.5,12,6.0,7,17.0,38,5.0,424,,
3254,Julián Araujo,,24,D,BOU,Out,,,12,6.5,0,0.0,38,5.0,436,,
4562,Eliot Matazo,,24,M,HUL,Out,,,,,,,38,5.0,557,,
14902,Jahnoah Markelo,,23,F,COV,,,,,,,,38,5.0,562,,
11315,Arthur Masuaku,,32,D,SUN,,,,,,3,7.0,38,4.8,419,,
3645,Finley Burns,,23,D,MCI,,,,,,,,38,4.5,441,,
10122,Romelle Donovan,,19,M,SHU,,,,,,4,7.5,38,4.5,999,,
14905,Ben Wilson,,34,GK,COV,,,,,,,,38,4.3,576,,
1848,Wataru Endo,,33,M,LIV,,29,90.5,20,20.0,8,13.0,38,4.0,427,,
3399,Cameron Humphreys,,22,M,IPS,,,,,,,,38,4.0,551,,
8008,Giovanni Leoni,,19,D,LIV,GTD,,,,,0,0.0,38,4.0,444,,
3461,Miguel Ángel Brau,,24,D,COV,,,,,,,,38,3.5,559,,
1018,Zach Abbott,,,D,NFO,,,,0,0.0,3,10.8,38,3.3,453,,
1866,Kaide Gordon,,21,F,LIV,,1,0.5,,,,,38,3.3,999,,
3821,Jack Fletcher,,19,M,MUN,,,,0,0.0,3,5.5,38,3.0,439,,
8788,Bendito Mantato,,18,F,MUN,,,,,,1,1.5,38,3.0,999,,
10503,Abdoullah Ba,,23,M,SUN,,,,,,,,38,3.0,442,,
14940,Dillon Phillips,,31,GK,HUL,,,,,,,,38,3.0,570,,
1487,Dane Scarlett,,22,F,TOT,,4,1.0,3,9.8,2,0.5,38,2.8,446,,
7236,Tyler Fredricson,,21,D,MUN,,,,2,9.8,1,0.5,38,2.8,451,,
1215,Altay Bayindir,,,GK,CEL,,0,0.0,4,12.5,6,14.3,38,2.5,445,,
1956,Josh Dasilva,,27,M,BRE,,3,2.5,,,2,1.5,38,2.5,440,,
6589,Jonah Kusi-Asare,,19,F,FUL,,,,,,7,1.0,38,2.5,443,,
8872,Shea Lacey,,19,F,MUN,,,,,,3,3.5,38,2.5,999,,
1785,Emil Krafth,,31,D,NEW,GTD,17,59.5,12,21.5,1,-2.3,38,2.3,999,,
2669,Marc Guiu,,20,F,CHE,,,,3,2.5,10,16.5,38,2.3,447,,
4350,Walter Benítez,,33,GK,CRY,,,,,,1,15.3,38,2.0,450,,
6420,Shumaira Mheuka,,18,F,CHE,,,,1,2.5,1,0.3,38,2.0,999,,
10502,Simon Moore,,36,GK,SUN,,,,,,0,0.0,38,2.0,449,,
11117,Jun'ai Byfield,,17,D,TOT,,,,,,1,1.0,38,2.0,999,,
1888,Ishé Samuels-Smith,,20,D,CHE,,0,0.0,0,0.0,,,38,1.5,456,,
2556,Calvin Ramsay,,23,D,LIV,,,,,,0,0.0,38,1.3,452,,
1216,Ethan Wheatley,,,F,MUN,,3,2.0,0,0.0,,,38,1.0,454,,
12832,Joél Drakes-Thomas,,17,F,CRY,,,,,,2,1.0,38,1.0,999,,
14889,Kai Andrews,,20,M,COV,,,,,,,,38,0.5,537,,
1805,Alex Murphy,,22,D,NEW,,2,2.0,0,0.0,2,1.5,38,0.3,457,,
2050,Jason Steele,,35,GK,BHA,,17,47.5,2,15.8,0,0.0,38,0.3,458,,
3655,Vítezslav Jaros,,25,GK,LIV,GTD,,,1,3.3,,,38,0.3,459,,
1014,Odysseas Vlachodimos,,,GK,SEV,,5,9.8,0,0.0,,,0,0.0,462,,
1023,Willy Boly,,,D,NFO,,20,182.5,6,14.0,0,0.0,0,0.0,999,,
1034,Aaron Ramsey,,,M,BUR,,14,20.5,,,0,0.0,0,0.0,505,,
1035,Lyle Foster,,,F,BUR,,24,170.3,,,26,91.0,0,0.0,500,,
1038,Maxime Estève,,,D,RBL,,16,49.8,,,34,183.3,0,0.0,482,,
1041,Luca Koleosho,,,F,PAR,,15,78.5,,,,,0,0.0,501,,
1043,Josh Cullen,,,M,BUR,,25,145.5,,,18,113.0,0,0.0,469,,
1044,Zeki Amdouni,,,F,BUR,,34,178.5,,,4,3.0,0,0.0,516,,
1045,Enock Agyei,,,F,BUR,,,,,,0,0.0,0,0.0,517,,
1052,Jacob Bruun Larsen,,,F,BUR,,32,167.8,,,28,61.3,0,0.0,510,,
1054,Mike Trésor,,,F,BUR,,16,27.3,,,6,2.5,0,0.0,520,,
1057,Jordan Beyer,,,D,BUR,,15,89.0,,,,,0,0.0,513,,
1058,Hjalmar Ekdal,,,D,BUR,,8,15.3,,,19,110.3,0,0.0,521,,
1088,Kadan Young,,,F,AVL,,0,0.0,0,0.0,,,0,0.0,999,,
1093,Sam Proctor,,,GK,AVL,,0,0.0,,,0,0.0,0,0.0,999,,
1106,Joe Gauci,,,GK,AVL,,0,0.0,0,0.0,,,0,0.0,465,,
1110,Omari Kellyman,,,M,CHE,,2,0.0,,,,,38,0.0,999,,
1116,James Wright,,,GK,AVL,,0,0.0,,,0,0.0,0,0.0,999,,
1207,Dermot Mee,,,GK,MUN,,0,0.0,0,0.0,,,0,0.0,999,,
1218,Casemiro,,,M,MIA,,25,185.5,24,157.5,34,302.0,0,0.0,999,,
1222,Tom Heaton,,,GK,MUN,GTD,0,0.0,0,0.0,0,0.0,0,0.0,999,,
1223,André Onana,,,GK,MUN,,38,311.5,34,214.5,0,0.0,0,0.0,461,,
1230,Tyrell Malacia,,,D,MUN,,,,3,0.8,3,-0.3,0,0.0,999,,
1236,Aaron Wan-Bissaka,,,D,WHU,,22,142.0,36,330.3,25,147.0,0,0.0,470,,
1490,Rio Kyerematen,,21,M,TOT,,,,,,0,0.0,0,0.0,999,,
1498,Brandon Austin,,27,GK,TOT,,0,0.0,1,8.3,0,0.0,38,0.0,466,,
1506,Tyrese Hall,,20,M,TOT,,0,0.0,,,,,0,0.0,999,,
1513,George Abbott,,20,M,TOT,,,,,,,,0,0.0,467,,
1650,Luc De Fougerolles,,20,D,FUL,,0,0.0,,,,,0,0.0,999,,
1651,Raúl Jiménez,,35,F,WOL,,24,140.8,38,316.3,36,248.5,0,0.0,481,,
1653,Armando Broja,,24,F,BUR,,21,39.8,10,17.5,24,59.3,0,0.0,526,,
1671,Adama Traoré,,30,M,WHU,,17,75.0,36,236.0,24,17.0,0,0.0,999,,
1706,John Stones,,32,D,INT,,16,69.0,11,43.5,9,25.3,0,0.0,999,,
1711,Stefan Ortega,,33,GK,OLY,,9,44.8,13,64.5,3,17.3,0,0.0,999,,
1720,Manuel Akanji,,31,D,INT,,30,182.3,26,97.5,0,0.0,0,0.0,999,,
1722,Bernardo Silva,,32,M,RMA,,33,309.0,33,251.0,38,191.5,0,0.0,999,,
1728,Kyle Walker,,36,D,BUR,,32,199.8,15,22.3,36,147.0,0,0.0,506,,
1768,Mark Gillespie,,34,GK,NEW,,0,0.0,,,,,0,0.0,468,,
1770,Adam Harrison,,19,GK,NEW,,,,,,,,0,0.0,999,,
1777,Kieran Trippier,,35,D,WOL,,28,302.8,25,143.5,21,123.0,0,0.0,509,,
1788,Dylan Charlton,,20,D,NEW,,,,,,,,0,0.0,999,,
1791,Anthony Gordon,,25,M,BAR,,35,382.0,34,276.5,26,197.0,0,0.0,999,,
1797,Joe White,,23,M,NEW,,4,-1.0,,,,,0,0.0,643,,
1803,Aidan Harris,,19,GK,NEW,,,,,,,,0,0.0,498,,
1820,Romain Faivre,,28,M,AJA,,5,0.5,,,0,0.0,0,0.0,469,,
1842,Rhys Williams,,25,D,LIV,,,,,,,,0,0.0,999,,
1845,Ibrahima Konaté,,27,D,RMA,,22,157.3,31,241.3,36,286.0,0,0.0,999,,
1855,Mohamed Salah,,34,M,LIV,,32,455.8,38,703.5,27,245.5,0,0.0,999,,
1859,James McConnell,,21,M,LIV,,3,1.0,0,0.0,0,0.0,38,0.0,496,,
1860,Amara Nallo,,19,D,HJK,,0,0.0,0,0.0,0,0.0,0,0.0,999,,
1861,Calum Scanlon,,21,D,LIV,,0,0.0,,,,,0,0.0,999,,
1877,Trey Nyoni,,19,M,LIV,,0,0.0,0,0.0,6,1.0,38,0.0,470,,
1889,Lesley Ugochukwu,,22,M,GS,,12,20.5,26,97.0,35,137.5,0,0.0,999,,
1891,Ted Curd,,20,GK,CHE,,0,0.0,,,,,0,0.0,999,,
1897,Ollie Harrison,,18,M,CHE,,0,0.0,,,,,0,0.0,999,,
1899,Marc Cucurella,,28,D,RMA,,21,130.8,36,249.5,34,250.8,0,0.0,999,,
1907,Marcus Bettinelli,,34,GK,MCI,,0,-2.0,0,0.0,0,0.0,0,0.0,471,,
1913,Max Merrick,,20,GK,CHE,,,,,,0,0.0,0,0.0,999,,
1921,Teddy Sharman-Lowe,,23,GK,CHE,,0,0.0,,,0,0.0,0,0.0,497,,
1939,Ellery Balcombe,,26,GK,BRE,,0,0.0,,,0,0.0,0,0.0,472,,
1943,Benjamin Arthur,,20,D,BRE,,0,0.0,0,0.0,0,0.0,0,0.0,524,,
1947,Hákon Valdimarsson,,24,GK,BRE,,0,0.0,2,5.8,1,-4.0,38,0.0,473,,
1951,Benjamin Fredrick,,21,D,BRE,,0,0.0,0,0.0,,,0,0.0,503,,
2007,Séamus Coleman,,37,D,EVE,,12,45.5,5,9.3,5,4.0,0,0.0,999,,
2013,Idrissa Gueye,,36,M,EVE,,25,149.0,37,203.0,25,133.5,0,0.0,460,,
2048,Solly March,,31,M,BHA,,7,87.5,8,10.5,4,3.0,0,0.0,999,,
2054,James Milner,,40,M,BHA,,15,64.0,4,15.0,20,51.5,0,0.0,999,,
2059,Adam Webster,,31,D,BHA,,15,66.8,14,87.0,,,0,0.0,999,,
2072,Tom McGill,,26,GK,BHA,,,,,,,,0,0.0,474,,
2136,Konstantinos Mavropanos,,28,D,WHU,,19,115.0,33,158.3,31,269.8,0,0.0,503,,
2138,Tomás Soucek,,31,M,WHU,,37,280.0,35,250.0,35,173.0,0,0.0,484,,
2142,James Ward-Prowse,,31,M,WHU,,37,354.5,24,109.0,18,91.5,0,0.0,495,,
2143,George Earthy,,21,M,WHU,,3,12.0,,,1,0.0,0,0.0,534,,
2146,Alphonse Areola,,33,GK,WHU,,31,256.8,26,135.3,20,119.8,0,0.0,475,,
2152,Edson Álvarez,,28,M,WHU,,31,149.0,28,86.5,0,0.0,0,0.0,493,,
2153,Kaelan Casey,,21,D,WHU,,1,1.3,1,1.3,,,0,0.0,535,,
2154,Ollie Scarles,,20,D,WHU,,0,0.0,15,40.5,13,45.0,0,0.0,511,,
2155,Lewis Orford,,20,M,WHU,,0,0.0,2,5.0,,,0,0.0,536,,
2156,Jarrod Bowen,,29,M,WHU,,34,379.5,34,390.0,38,376.5,0,0.0,467,,
2157,Lukasz Fabianski,,41,GK,WHU,,10,46.3,14,93.5,0,0.0,0,0.0,999,,
2158,Maxwel Cornet,,29,M,WHU,,7,19.8,2,4.5,,,0,0.0,537,,
2163,Remi Matthews,,32,GK,CRY,,1,0.3,0,0.0,0,0.0,38,0.0,475,,
2167,Sam Johnstone,,33,GK,WOL,,20,103.3,7,25.8,12,43.0,0,0.0,539,,
2188,Joe Whitworth,,22,GK,CRY,,0,0.0,,,,,0,0.0,528,,
2190,Kaden Rodney,,21,M,CRY,,0,0.0,0,0.0,1,0.0,38,0.0,999,,
2194,Nathaniel Clyne,,35,D,CRY,,19,67.5,13,16.8,10,27.5,0,0.0,408,,
2400,Fábio Vieira,,26,M,ARS,,11,35.5,,,,,0,0.0,476,,
2404,Aaron Ramsdale,,28,GK,SOU,,6,31.8,30,195.0,12,41.0,0,0.0,999,,
2409,Leandro Trossard,,31,M,ARS,,34,233.8,38,281.5,31,230.5,0,0.0,999,,
2504,Toti Gomes,,27,D,WOL,,35,179.8,31,205.8,19,72.3,0,0.0,483,,
2505,Maximilian Kilman,,29,D,WHU,,38,245.3,38,282.5,21,87.3,0,0.0,472,,
2507,Matt Doherty,,34,D,SHU,,30,96.3,30,179.3,11,43.3,0,0.0,999,,
2509,Santiago Bueno,,27,D,WOL,,12,32.3,29,106.5,29,189.5,0,0.0,502,,
2512,Tommy Doyle,,24,M,WOL,,26,50.5,24,38.0,,,0,0.0,568,,
2515,Dan Bentley,,33,GK,WOL,,5,13.8,2,18.8,3,5.3,0,0.0,541,,
2517,Tom King,,31,GK,EVE,,0,0.0,1,0.0,0,0.0,38,0.0,477,,
2518,Boubacar Traoré,,24,M,WOL,,24,40.5,1,0.0,,,0,0.0,543,,
2521,José Sá,,33,GK,WOL,,35,258.5,29,181.8,23,145.3,0,0.0,478,,
2527,Enso González,,21,F,WOL,,1,0.0,,,0,0.0,0,0.0,544,,
2531,Hwang Hee-Chan,,30,M,WOL,,29,226.5,21,35.0,26,83.0,0,0.0,497,,
2533,Tawanda Chirewa,,22,F,WOL,,8,7.5,0,0.0,2,0.3,0,0.0,545,,
2534,Hugo Bueno,,23,D,WOL,,22,35.0,,,35,250.8,0,0.0,488,,
2535,Jean-Ricner Bellegarde,,28,M,WOL,,22,78.5,35,165.5,26,86.0,0,0.0,473,,
2539,Connor Roberts,,30,D,BUR,,14,6.5,,,0,0.0,0,0.0,496,,
2552,Will Dennis,,26,GK,BOU,,,,0,0.0,0,0.0,0,0.0,478,,
2572,Alex Paulsen,,24,GK,BOU,,,,,,,,0,0.0,999,,
2868,Kyle Walker-Peters,,29,D,WHU,,,,33,106.3,23,93.5,0,0.0,547,,
2889,Adam Armstrong,,29,F,WOL,,,,20,61.0,14,66.0,0,0.0,596,,
2894,Alejo Veliz,,22,F,TOT,,8,9.5,,,,,0,0.0,598,,
2924,Hannibal Mejbri,,23,M,BUR,,5,18.0,,,27,103.0,0,0.0,491,,
3055,Yerson Mosquera,,25,D,WOL,,0,0.0,5,29.0,27,148.3,0,0.0,504,,
3059,Bertrand Traoré,,30,F,SUN,,,,,,12,55.0,0,0.0,999,,
3239,Mads Hermansen,,26,GK,WHU,,,,27,147.3,18,156.0,0,0.0,605,,
3397,Václav Hladky,,35,GK,BUR,,,,,,,,0,0.0,999,,
3398,Axel Tuanzebe,,28,D,BUR,,,,22,59.5,14,57.8,0,0.0,499,,
3486,Lucas Pires,,25,D,BUR,,,,,,20,83.8,0,0.0,489,,
3511,Shurandy Sambo,,24,D,BUR,,,,,,,,0,0.0,548,,
3518,Tayo Adaramola,,22,D,CRY,,0,0.0,,,,,0,0.0,479,,
3521,Joe Worrall,,29,D,BUR,,7,25.8,,,11,40.0,0,0.0,550,,
3528,Omar Richards,,28,D,NFO,,,,,,,,0,0.0,480,,
3542,Michael Obafemi,,26,F,BUR,,2,2.5,,,,,0,0.0,577,,
3553,Tommi O'Reilly,,22,M,AVL,,0,0.0,,,,,0,0.0,489,,
3573,Jadon Sancho,,26,M,AVL,,3,4.5,31,177.5,23,73.5,0,0.0,999,,
3574,Daniel Gore,,21,M,MUN,,1,2.0,,,,,38,0.0,999,,
3624,Ladislav Krejcí,,27,D,WOL,,,,,,28,183.8,0,0.0,630,,
3657,Harvey Davies,,22,GK,LIV,,,,0,0.0,,,0,0.0,525,,
3662,Gaga Slonina,,22,GK,CHE,,,,,,0,0.0,0,0.0,481,,
3666,Matthew Cox,,23,GK,BRE,,,,,,,,0,0.0,482,,
3708,Freddie Potts,,22,M,CLU,,,,,,22,66.5,0,0.0,554,,
3751,Rodrigo Gomes,,23,D,WOL,,,,25,79.0,22,86.0,0,0.0,498,,
3753,Sasa Kalajdzic,,29,F,WOL,,11,33.0,,,1,1.5,0,0.0,555,,
3755,Ki-Jana Hoever,,24,D,WOL,,,,,,8,36.0,0,0.0,556,,
3764,Eric da Silva Moreira,,20,M,NFO,,,,2,3.0,0,0.0,38,0.0,483,,
3767,John Ruddy,,39,GK,NEW,,,,0,0.0,0,0.0,0,0.0,999,,
3776,Bashir Humphreys,,23,D,BUR,,0,0.0,,,20,87.5,0,0.0,507,,
3810,Pedro Lima,,20,D,WOL,,,,3,10.0,9,18.0,0,0.0,512,,
3825,Ethan Williams,,20,F,MUN,,,,,,,,0,0.0,999,,
3832,Andréas Hountondji,,24,F,BUR,,,,,,,,0,0.0,606,,
3836,Luca Gunter,,21,GK,TOT,,,,,,,,0,0.0,999,,
3859,Conor McManus,,22,D,BRE,,,,,,0,0.0,0,0.0,518,,
3861,Riley Owen,,20,M,BRE,,,,,,0,0.0,0,0.0,999,,
3898,Josh Nichols,,19,D,ARS,,,,0,0.0,,,0,0.0,999,,
3900,Tommy Setford,,20,GK,ARS,,,,0,0.0,0,0.0,0,0.0,492,,
3904,Alexei Rojas,,20,GK,ARS,,,,,,,,0,0.0,520,,
3935,Reigan Heskey,,18,F,KOE,,,,,,0,0.0,0,0.0,999,,
3966,Luke Rawlings,,18,M,WOL,,,,,,0,0.0,0,0.0,589,,
3976,Jota Silva,,27,M,OLY,,,,31,106.5,1,1.0,0,0.0,999,,
3985,Callum Marshall,,21,F,LUT,,,,,,2,2.5,0,0.0,558,,
3986,Finlay Herrick,,20,GK,WHU,,,,,,0,0.0,0,0.0,639,,
3989,Crysencio Summerville,,24,M,HIL,,,,19,71.5,31,214.0,0,0.0,494,,
3995,Niclas Füllkrug,,33,F,WHU,,,,18,95.0,8,27.5,0,0.0,485,,
4017,Leo Shahar,,19,D,NEW,,,,0,0.0,0,0.0,0,0.0,511,,
4019,Trevan Sanusi,,19,F,NEW,,,,,,,,0,0.0,514,,
4020,Julian Eyestone,,20,GK,BRE,,,,0,0.0,,,0,0.0,519,,
4023,Jean-Clair Todibo,,26,D,WHU,,,,27,113.0,23,73.5,0,0.0,508,,
4056,Brajan Gruda,,22,F,RBL,,,,21,96.5,18,73.5,0,0.0,999,,
4059,Alex Borto,,22,GK,FUL,,,,,,,,0,0.0,999,,
4098,Mohamadou Kanté,,20,M,WHU,,,,,,11,2.5,0,0.0,559,,
4145,André,,25,M,WOL,,,,33,128.5,35,115.0,0,0.0,477,,
4149,Oliwier Zych,,22,GK,AVL,,,,0,0.0,,,0,0.0,999,,
4151,Josh Laurent,,31,M,BUR,,,,,,33,94.5,0,0.0,487,,
4152,Zian Flemming,,28,F,BUR,,,,,,29,206.5,0,0.0,490,,
4169,Ismeal Kabia,,20,F,ARS,,,,0,0.0,,,0,0.0,500,,
4269,Christos Tzolis,,24,F,ARS,,,,,,,,0,0.0,999,,
4318,Quilindschy Hartman,,24,D,ESP,,,,,,21,150.5,0,0.0,999,,
4580,Soungoutou Magassa,,22,M,WHU,,,,,,22,64.0,0,0.0,623,,
4900,Marcus Edwards,,27,F,BUR,,,,,,23,83.0,0,0.0,479,,
4907,Geovany Quenda,,19,M,CHE,,,,,,,,0,0.0,523,,
4911,Hidemasa Morita,,31,M,HUL,GTD,,,,,,,0,0.0,999,,
5033,Nasser Djiga,,23,D,WOL,,,,5,1.0,,,0,0.0,619,,
5098,El Hadji Malick Diouf,,21,D,WHU,,,,,,32,266.0,0,0.0,486,,
5212,Álex Jiménez,,21,D,FIO,,,,,,31,165.3,0,0.0,615,,
5458,Angel Gomes,,25,M,OM,,,,,,12,25.0,0,0.0,999,,
5482,Jannik Schuster,,20,D,BRE,,,,,,,,0,0.0,493,,
6293,Martin Sherif,,20,F,EVE,,,,0,0.0,,,0,0.0,505,,
6307,Jack Porter,,17,GK,ARS,,,,0,0.0,,,0,0.0,999,,
6336,Kaden Braithwaite,,18,D,MCI,,,,,,,,0,0.0,999,,
6338,Triston Rowe,,19,D,AVL,,,,,,0,0.0,0,0.0,508,,
6375,Damola Ajayi,,20,F,TOT,,,,0,0.0,,,0,0.0,999,,
6395,Kaye Furo,,19,F,BRE,,,,,,1,0.0,38,0.0,490,,
6444,Fer López,,22,M,WOL,,,,,,9,13.8,0,0.0,492,,
6484,Callum Olusesi,,19,M,TOT,,,,0,0.0,1,0.0,38,0.0,999,,
6485,Luca Williams-Barnett,,17,M,TOT,,,,0,0.0,0,0.0,0,0.0,999,,
6491,Zach Marsh,,20,F,CRY,,,,0,0.0,0,0.0,0,0.0,999,,
6492,Callum Bates,,20,M,EVE,,,,0,0.0,0,0.0,0,0.0,999,,
6519,Malachi Hardy,,18,D,TOT,,,,0,0.0,,,0,0.0,999,,
6520,Tom Edozie,,20,F,WOL,,,,0,0.0,3,12.0,0,0.0,583,,
6549,Ben Winterburn,,21,M,BOU,,,,4,2.5,1,0.0,38,0.0,455,,
6550,Ezra Mayers,,19,D,WHU,,,,0,0.0,6,7.5,0,0.0,633,,
6567,Sam Amissah,,19,D,FUL,,,,0,0.0,0,0.0,0,0.0,999,,
6579,Godwill Kukonki,,18,D,MUN,,,,0,0.0,0,0.0,0,0.0,999,,
6644,Remy Rees-Dottin,,20,F,BOU,,,,1,0.0,0,0.0,38,0.0,513,,
6727,Oliver Sonne,,25,D,BUR,,,,,,7,19.0,0,0.0,560,,
6747,Ashley Barnes,,36,F,BUR,,,,,,7,2.0,0,0.0,514,,
6764,Julio Soler,,21,D,BOU,,,,3,0.0,3,-2.0,38,0.0,484,,
6801,Bradley Burrowes,,18,M,AVL,,,,,,1,0.0,38,0.0,999,,
6911,Andrés García,,23,D,GET,,,,7,16.5,6,2.5,0,0.0,446,,
7005,Kieran Morrison,,19,M,LIV,,,,,,0,0.0,0,0.0,999,,
7070,Lluc Castell,,19,F,BUR,,,,,,,,0,0.0,593,,
7105,Jaydon Banel,,21,F,BUR,,,,,,1,0.0,0,0.0,562,,
7132,Marshall Munetsi,,30,M,WOL,,,,14,88.0,13,66.0,0,0.0,468,,
7235,Chido Obi,,18,F,MUN,,,,7,2.8,0,0.0,38,0.0,485,,
7238,Jack Moorhouse,,20,M,MUN,,,,0,0.0,0,0.0,0,0.0,999,,
7327,Mateus Mané,,18,F,WOL,,,,1,0.5,27,175.0,0,0.0,574,,
7411,Reggie Walsh,,17,M,CHE,,,,,,,,0,0.0,999,,
7456,Charlie Tasker,,20,D,BHA,,,,0,0.0,0,0.0,0,0.0,999,,
7740,Nils Ramming,,19,GK,BHA,,,,,,,,0,0.0,999,,
8186,Jackson Tchatchoua,,24,D,WOL,,,,,,31,114.3,0,0.0,586,,
8200,Diego Coppola,,22,D,PAR,,,,,,5,18.3,0,0.0,335,,
8252,Valentín Castellanos,,27,F,WHU,,,,,,18,137.3,0,0.0,610,,
8298,Lorenzo Lucca,,25,F,NAP,,,,,,4,15.3,0,0.0,999,,
8363,Enzo Kana Biyik,,19,F,MUN,,,,,,,,0,0.0,522,,
8386,Timothée Pembélé,,23,D,HAC,,,,,,,,0,0.0,403,,
8751,Jaydan Kamason,,19,D,MUN,,,,,,,,0,0.0,999,,
8757,Freddie Simmonds,,18,D,BHA,,,,0,0.0,0,0.0,0,0.0,999,,
8767,Landon Emenalo,,18,D,CHE,,,,,,0,0.0,0,0.0,999,,
8792,Brayden Clarke,,19,D,ARS,,,,0,0.0,,,0,0.0,999,,
8869,Reece Welch,,22,D,EVE,,,,0,0.0,0,0.0,0,0.0,999,,
8873,Jim Thwaites,,18,M,MUN,,,,,,0,0.0,0,0.0,999,,
8874,Tyler Fletcher,,19,M,MUN,,,,,,2,0.0,38,0.0,526,,
9640,Ármin Pécsi,,21,GK,LIV,,,,,,0,0.0,0,0.0,486,,
9755,Max Weiss,,22,GK,BUR,,,,,,3,19.0,0,0.0,474,,
10117,Owen Goodman,,22,GK,CRY,,,,,,,,0,0.0,507,,
10121,Antoñito Cordero,,19,F,CAD,,,,,,,,0,0.0,515,,
10380,David Button,,37,GK,IPS,,,,,,,,0,0.0,583,,
10489,Diego León,,19,D,MUN,,,,,,0,0.0,0,0.0,499,,
10491,Harrison Jones,,21,M,SUN,,,,,,0,0.0,0,0.0,999,,
10497,Nazariy Rusyn,,27,F,SUN,,,,,,,,0,0.0,999,,
10505,Milan Aleksic,,20,F,PAR,,,,,,0,0.0,0,0.0,999,,
10506,Dennis Cirkin,,24,D,SUN,,,,,,8,21.0,0,0.0,999,,
10510,Ahmed Abdullahi,,22,F,SUN,,,,,,,,0,0.0,463,,
10514,Zak Johnson,,21,D,SUN,,,,,,,,0,0.0,999,,
10515,Eliezer Mayenda,,21,F,REN,,,,,,20,48.3,0,0.0,999,,
10522,Alex Cairns,,33,GK,LEE,,,,,,,,0,0.0,999,,
10535,Charlie Crew,,20,M,LEE,,,,,,,,38,0.0,999,,
10539,Isaac Schmidt,,26,D,YB,,,,,,,,0,0.0,519,,
10914,George King,,19,D,CRY,,,,,,0,0.0,0,0.0,999,,
10921,Tommy Pilling,,21,M,LIV,,,,,,,,0,0.0,999,,
10992,Rhys Chadwick,,19,M,LEE,,,,,,0,0.0,0,0.0,999,,
10993,Sam Chambers,,18,M,LEE,,,,,,0,0.0,38,0.0,464,,
11036,Kornel Misciur,,19,GK,LIV,,,,,,,,0,0.0,999,,
11048,Louie Copley,,19,M,ARS,,,,,,,,0,0.0,999,,
11049,Marli Salmon,,16,D,ARS,,,,,,0,0.0,0,0.0,999,,
11051,Andre Harriman-Annous,,18,F,ARS,,,,,,0,0.0,0,0.0,501,,
11076,Owen Bevan,,22,D,BOU,,,,,,,,0,0.0,999,,
11078,Airidas Golambeckis,,18,D,WHU,,,,,,0,0.0,0,0.0,582,,
11113,James Rowswell,,19,D,TOT,,,,,,1,0.0,38,0.0,999,,
11121,Tynan Thompson,,18,F,TOT,,,,,,,,0,0.0,999,,
11132,Park Seung-Soo,,19,F,NEW,,,,,,0,0.0,0,0.0,506,,
11163,Max Thompson,,21,GK,NEW,,,,,,,,0,0.0,491,,
11180,Dean Benamar,,18,D,CRY,,,,,,0,0.0,0,0.0,999,,
11204,Joshua Stephenson,,18,D,BRE,,,,,,0,0.0,0,0.0,516,,
11206,David Møller Wolfe,,24,D,WOL,,,,,,22,51.8,0,0.0,584,,
11229,Wellity Lucky,,20,D,LIV,,,,,,0,0.0,0,0.0,999,,
11230,Michael Laffey,,20,M,LIV,,,,,,,,0,0.0,521,,
11232,Will Wright,,18,F,LIV,,,,,,0,0.0,0,0.0,999,,
11255,Ewen Jaouen,,20,GK,NEW,,,,,,,,0,0.0,529,,
11266,George Hemmings,,19,M,AVL,,,,,,2,0.0,38,0.0,999,,
11269,Angus Gunn,,30,GK,SJ,,,,,,1,1.3,0,0.0,999,,
11345,Archie Whitehall,,20,M,NFO,,,,,,0,0.0,0,0.0,999,,
11347,Jimmy Sinclair,,19,M,NFO,,,,,,0,0.0,0,0.0,999,,
11406,Trey Ogunsuyi,,19,F,SUN,,,,,,,,0,0.0,494,,
11506,Jenson Jones,,20,D,SUN,,,,,,0,0.0,0,0.0,999,,
11508,Jaydon Jones,,19,M,SUN,,,,,,0,0.0,0,0.0,999,,
11509,Tymur Tutierov,,21,M,SUN,,,,,,0,0.0,0,0.0,487,,
11510,Jack Whittaker,,19,M,SUN,,,,,,0,0.0,0,0.0,999,,
11511,Oliver Pimlott,,19,M,BUR,,,,,,0,0.0,0,0.0,999,,
11575,Norman Bassette,,21,F,COV,,,,,,,,0,0.0,554,,
11578,Tolu Arokodare,,25,F,AJA,,,,,,33,156.3,0,0.0,611,,
12050,Costinha,,26,D,BHA,,,,,,,,0,0.0,495,,
12055,Konstantinos Tzolakis,,23,GK,HUL,,,,,,,,0,0.0,999,,
12195,Sean Steur,,18,M,NEW,,,,,,,,0,0.0,527,,
12464,George Brierley,,18,M,BUR,,,,,,0,0.0,0,0.0,999,,
12499,Rhys Oakley,,17,GK,AVL,,,,,,,,0,0.0,999,,
12512,Ryan McAidoo,,18,F,MCI,,,,,,0,0.0,0,0.0,999,,
12593,Nehemiah Oriola,,19,F,BHA,,,,,,1,0.0,38,0.0,999,,
12603,Ryan Kavuma-McQueen,,17,F,CHE,,,,,,0,0.0,0,0.0,999,,
12612,Zyan Blake,,18,F,NFO,,,,,,,,0,0.0,999,,
12613,Keehan Willows,,20,GK,NFO,,,,,,,,0,0.0,999,,
12637,Seth Ridgeon,,17,M,FUL,,,,,,0,0.0,0,0.0,999,,
12645,Carter Pinnington,,19,D,LIV,,,,,,,,0,0.0,999,,
12646,Keyrol Figueroa,,19,F,LIV,,,,,,,,0,0.0,999,,
12691,Ben Hammond,,21,M,NFO,,,,,,,,0,0.0,999,,
12732,Rodrigo Rêgo,,21,F,BHA,,,,,,,,0,0.0,507,,
12749,Sam Alabi,,16,M,NEW,,,,,,0,0.0,0,0.0,999,,
12793,Malcom DaCosta,,18,M,BOU,,,,,,0,0.0,0,0.0,999,,
12800,Ronnie Hollingshead,,21,GK,AVL,,,,,,0,0.0,0,0.0,512,,
12833,Ben Casey,,18,F,CRY,,,,,,0,0.0,0,0.0,999,,
12834,Aaron Bott,,21,GK,NFO,,,,,,,,0,0.0,999,,
12859,Charlie Gray,,20,M,MCI,,,,,,0,0.0,0,0.0,999,,
12896,Saheed Olagunju,,19,D,WOL,,,,,,0,0.0,0,0.0,581,,
12901,Leon Routh,,18,D,AVL,,,,,,0,0.0,0,0.0,999,,
12917,Braiden Graham,,18,F,EVE,,,,,,0,0.0,0,0.0,999,,
13021,TJ Carroll,,19,D,AVL,,,,,,0,0.0,0,0.0,999,,
13028,Pablo,,22,F,WHU,,,,,,14,68.5,0,0.0,569,,
13042,Alfie McNally,,21,GK,FUL,,,,,,0,0.0,0,0.0,999,,
13104,Malik Olayiwola,,17,M,EVE,,,,,,,,0,0.0,999,,
13244,Tyrone Samba,,18,F,MCI,,,,,,,,0,0.0,999,,
13245,Kian Noble,,19,D,MCI,,,,,,,,0,0.0,999,,
13253,Charlie Stevens,,19,M,BOU,,,,,,0,0.0,0,0.0,999,,
13308,Keiber Lamadrid,,22,M,WHU,,,,,,0,0.0,0,0.0,608,,
13390,Tye Hall,,18,M,TOT,,,,,,,,0,0.0,999,,
13392,Ife Ibrahim,,18,M,ARS,,,,,,,,0,0.0,999,,
13393,Brando Bailey-Joseph,,17,F,ARS,,,,,,,,0,0.0,999,,
13468,Jerome Abbey,,16,M,WOL,,,,,,1,2.0,0,0.0,576,,
13482,Luka Bentt,,18,M,BRE,,,,,,0,0.0,0,0.0,509,,
13510,Charlie Holland,,16,M,CHE,,,,,,,,0,0.0,999,,
13641,Floyd Samba,,17,M,MCI,,,,,,,,0,0.0,999,,
13642,Mohamed Koné,,18,M,AVL,,,,,,,,0,0.0,999,,
13645,Joshua Ajala,,19,F,WHU,,,,,,,,0,0.0,572,,
13648,Ceadach O’Neill,,18,F,ARS,,,,,,,,0,0.0,999,,
13656,Ollie Shield,,19,D,BRE,,,,,,0,0.0,0,0.0,488,,
13715,James Wilson,,19,F,HEA,,,,,,0,0.0,0,0.0,999,,
13780,Kian McMahon-Brown,,18,F,BUR,,,,,,0,0.0,0,0.0,999,,
13808,Jaden Dixon,,19,D,ARS,,,,,,,,38,0.0,999,,
13828,Finn Geragusyan,,18,F,SUN,,,,,,,,0,0.0,999,,
13833,Khari Ranson,,18,GK,ARS,,,,,,,,0,0.0,999,,
13887,Jackson Izquierdo,,21,GK,CRY,,,,,,,,0,0.0,999,,
13888,Justin Hanks,,21,D,NFO,,,,,,,,0,0.0,999,,
14048,Harrison Dudziak,,20,M,ARS,,,,,,,,0,0.0,999,,
14071,Alfie Brooks,,22,GK,WOL,,,,,,0,0.0,0,0.0,585,,
14112,Josh Gracey,,18,GK,WOL,,,,,,0,0.0,0,0.0,617,,
14119,Talla Ndiaye,,18,D,LIV,,,,,,0,0.0,0,0.0,510,,
14136,Mathis Eboué,,17,M,CHE,,,,,,0,0.0,0,0.0,999,,
14142,Jayden Lienou,,18,D,LEE,,,,,,0,0.0,0,0.0,999,,
14176,Alfie Cresswell,,19,M,LEE,,,,,,0,0.0,0,0.0,999,,
14213,Lamin Sillah,,20,F,NFO,,,,,,0,0.0,0,0.0,999,,
14245,Zadok Yohanna,,19,M,BHA,,,,,,,,0,0.0,517,,
14727,James Beadle,,22,GK,BHA,,,,,,,,0,0.0,296,,
14894,Aidan Dausch,,20,F,COV,,,,,,,,38,0.0,592,,
14897,Harvey Broad,,20,D,COV,,,,,,,,0,0.0,541,,
14926,Thimothée Lo-Tutala,,23,GK,HUL,,,,,,,,0,0.0,566,,
14928,Enis Destan,,24,F,HUL,GTD,,,,,,,0,0.0,536,,
14933,Harvey Cartwright,,24,GK,HUL,,,,,,,,0,0.0,563,,
15599,Elliot Stroud,,24,M,HUL,,,,,,,,0,0.0,999,,
15846,Kayne van Oevelen,,23,GK,IPS,,,,,,,,0,0.0,999,,
15859,Harry Byrne,,18,M,TOT,,,,,,,,0,0.0,999,,
15929,Joshua Sonni-Lambie,,18,F,LIV,,,,,,,,0,0.0,999,,
15936,Mason Miley,,17,M,NEW,,,,,,,,0,0.0,999,,
16189,Caleb Yirenkyi,,20,M,COV,,,,,,,,0,0.0,999,,
1000,Esapa Osong,,34,F,,,0,0.0,,,,,,,,,
1002,Divock Origi,,23,F,,,20,41.5,,,,,,,,,
1003,Harry Toffolo,,30,D,CLT,GTD,23,125.5,4,6.5,,,,,,,
1004,Gonzalo Montiel,,31,D,RIV,,14,57.5,,,,,,,,,
1006,Giovanni Reyna,,20,M,STR,,9,31.0,,,,,,,,,
1013,Andrew Omobamidele,,25,D,STR,,11,21.5,0,0.0,,,,,,,
1017,Wayne Hennessey,,27,GK,NFO,,0,0.0,0,0.0,,,,,,,
1019,Joe Gardner,,26,M,NFO,,0,0.0,,,,,,,,,
1020,Moussa Niakhaté,,25,D,OL,,21,51.3,,,,,,,,,
1021,Cheikhou Kouyaté,,30,M,,,12,12.0,,,,,,,,,
1022,Jamie McDonnell,,28,M,,,0,0.0,,,,,,,,,
1025,Nuno Tavares,,21,D,LAZ,,8,18.8,,,,,,,,,
1026,Danilo Santos,,21,M,BOT,,29,147.0,8,13.5,,,,,,,
1028,Rodrigo Ribeiro,,36,F,FCA,,4,1.5,,,,,,,,,
1029,Felipe,,30,D,,,7,22.3,,,,,,,,,
1030,Matt Turner,,38,GK,NE,,17,105.3,0,0.0,,,,,,,
1032,Vitinho,,21,D,BOT,,32,106.3,,,,,,,,,
1033,Hannes Delcroix,,33,D,LUG,,12,16.3,,,,,,,,,
1036,Arijanet Muric,,29,GK,SAS,,10,132.5,18,130.5,,,,,,,
1037,Jack Cork,,32,M,,,4,1.0,,,,,,,,,
1039,Ameen Al Dakhil,,21,D,VFB,,13,32.5,,,,,,,,,
1040,Han-Noah Massengo,,39,M,FCA,,3,1.0,,,,,,,,,
1042,Lawrence Vigouroux,,26,GK,,,0,0.0,,,,,,,,,
1048,Lorenz Assignon,,35,D,VFB,,15,81.3,,,,,,,,,
1049,Nathan Redmond,,20,M,BUR,,12,9.5,,,,,,,,,
1050,Jóhann Gudmundsson,,25,M,,,26,123.0,,,,,,,,,
1053,Charlie Taylor,,19,D,SOU,,28,117.3,8,18.5,,,,,,,
1055,Manuel Benson,,33,F,BUR,,8,11.5,,,,,,,,,
1056,Jay Rodriguez,,33,F,,,21,73.3,,,,,,,,,
1059,Josh Brownhill,,32,M,BUR,,33,205.0,,,,,,,,,
1089,Calum Chambers,,35,D,,,5,6.0,,,,,,,,,
1095,Clément Lenglet,,32,D,SLB,,14,48.3,,,,,,,,,
1096,Álex Moreno,,19,D,GIR,,21,82.8,15,77.5,,,,,,,
1100,Robin Olsen,,20,GK,MFF,,5,33.5,4,14.8,,,,,,,
1103,Finley Munroe,,22,D,AVL,,1,0.0,,,,,,,,,
1105,Jhon Durán,,22,F,SLB,,23,71.3,20,101.0,,,,,,,
1109,Moussa Diaby,,36,F,,,38,258.8,,,,,,,,,
1115,Diego Carlos,,37,D,FB,GTD,27,82.0,10,32.8,,,,,,,
1119,Nicolò Zaniolo,,23,M,UDI,,25,47.5,,,,,,,,,
1208,Rhys Bennett,,30,D,,,0,0.0,,,,,,,,,
1210,Raphaël Varane,,20,D,,,22,93.0,,,,,,,,,
1212,Anthony Martial,,29,F,MTY,,13,30.8,,,,,,,,,
1214,Sofyan Amrabat,,27,M,FB,,21,33.0,,,,,,,,,
1219,Jonny Evans,,26,D,MUN,,23,112.0,7,31.8,,,,,,,
1221,Habeeb Ogunneye,,19,D,MUN,,0,0.0,,,,,,,,,
1225,Scott McTominay,,27,M,NAP,,32,193.0,2,0.0,,,,,,,
1227,Christian Eriksen,,20,M,WOB,,22,92.5,23,97.0,,,,,,,
1231,Willy Kambwala,,27,D,VIL,,8,4.5,,,,,,,,,
1233,Rasmus Højlund,,22,F,NAP,,30,212.8,32,99.5,,,,,,,
1234,Louis Jackson,,39,D,MUN,,0,0.0,,,,,,,,,
1239,Omari Forson,,20,F,MON,,4,10.0,,,,,,,,,
1240,Antony,,29,M,BET,,29,129.5,8,22.0,,,,,,,
1241,Billy Blacker,,27,M,SHU,,0,0.0,,,,,,,,,
1242,Wes Foderingham,,28,GK,WHU,,30,153.3,0,0.0,,,,,,,
1243,Ben Osborn,,23,M,,,24,53.5,,,,,,,,,
1245,Owen Hampson,,33,M,SHU,,0,0.0,,,,,,,,,
1246,Louie Marsh,,33,F,SHU,,0,0.0,,,,,,,,,
1247,Auston Trusty,,21,D,CEL,,32,125.3,,,,,,,,,
1248,Ryan Oné,,28,F,SHU,,1,0.0,,,,,,,,,
1249,Anel Ahmedhodzic,,22,D,FEY,,31,114.5,,,,,,,,,
1250,Jack Robinson,,20,D,SHU,,34,142.3,,,,,,,,,
1251,Max Lowe,,22,D,,,10,26.5,,,,,,,,,
1252,Mason Holgate,,18,D,EVE,,10,10.8,1,-1.0,,,,,,,
1254,Yasser Larouci,,29,D,LEM,,11,22.5,,,,,,,,,
1255,Oliver Arblaster,,23,M,SHU,,12,63.0,,,,,,,,,
1256,Anis Ben Slimane,,22,M,,,15,13.0,,,,,,,,,
1257,Rhian Brewster,,19,F,SHU,,13,2.5,,,,,,,,,
1259,Cameron Archer,,21,F,SOU,,30,128.3,35,63.3,,,,,,,
1260,Gustavo Hamer,,19,M,SHU,,36,284.5,,,,,,,,,
1261,Oliver Norwood,,41,M,,,27,96.5,,,,,,,,,
1262,Rhys Norrington-Davies,,22,D,SHU,,5,-3.0,,,,,,,,,
1263,Adam Davies,,20,GK,SHU,,0,0.0,,,,,,,,,
1264,George Baldock,,31,D,,,13,46.5,,,,,,,,,
1265,Vini Souza,,31,M,WOB,,36,187.0,,,,,,,,,
1266,Ben Brereton,,36,F,SOU,,14,126.3,10,13.0,,,,,,,
1268,Jordan Amissah,,21,GK,,,0,0.0,,,,,,,,,
1270,Andre Brooks,,36,M,SHU,,20,42.5,,,,,,,,,
1271,Chris Basham,,27,D,,,8,20.3,,,,,,,,,
1272,Ivo Grbic,,22,GK,SHU,,9,42.5,,,,,,,,,
1273,Tom Davies,,28,M,SHU,,9,10.0,,,,,,,,,
1276,Jili Buyabu,,33,D,,,0,0.0,,,,,,,,,
1277,Sam Curtis,,29,D,SHU,,1,-0.5,,,,,,,,,
1278,Sydie Peck,,29,M,SHU,,1,0.0,,,,,,,,,
1481,Son Heung-Min,,21,M,LAF,,35,439.0,30,287.0,,,,,,,
1484,Yago Santiago,,22,F,ELC,GTD,0,0.0,,,,,,,,,
1485,Timo Werner,,31,M,SJ,,13,94.8,18,56.0,,,,,,,
1492,Pierre-Emile Højbjerg,,29,M,OM,,36,70.0,,,,,,,,,
1493,Alfie Dorrington,,41,D,TOT,,0,0.0,1,0.0,,,,,,,
1499,Oliver Skipp,,22,M,LEI,,21,24.5,24,34.0,,,,,,,
1501,Emerson Royal,,29,D,FLA,,22,68.8,,,,,,,,,
1503,Alfie Whiteman,,22,GK,TOT,,0,0.0,0,0.0,,,,,,,
1509,Bryan Gil,,40,F,GIR,,11,18.5,,,,,,,,,
1510,Giovani Lo Celso,,26,M,BET,,22,94.0,,,,,,,,,
1647,Marek Rodák,,32,GK,,,0,-2.0,,,,,,,,,
1655,Matt Dibley-Dias,,28,M,,,0,0.0,,,,,,,,,
1656,Devan Tanton,,20,D,,,0,0.0,,,,,,,,,
1659,Willian,,24,F,FUL,,31,203.0,10,17.8,,,,,,,
1660,Andreas Pereira,,33,M,PAL,,37,259.5,33,174.5,0,0.0,,,,,
1661,Tim Ream,,22,D,CLT,,18,79.3,,,,,,,,,
1662,Kristian Sekularac,,23,M,,,0,0.0,,,,,,,,,
1666,Bobby De Cordova-Reid,,20,M,LEI,,33,139.0,23,38.0,,,,,,,
1669,Fodé Ballo-Touré,,22,D,MET,,6,5.5,,,,,,,,,
1704,Ederson,,23,GK,FB,,33,170.5,26,190.0,0,0.0,,,,,
1708,Micah Hamilton,,21,F,,,0,0.0,,,,,,,,,
1713,Scott Carson,,27,GK,MCI,,0,0.0,0,0.0,,,,,,,
1717,Julián Alvarez,,22,F,ATM,,36,367.3,,,,,,,,,
1723,Kevin De Bruyne,,25,M,NAP,,18,253.5,28,238.0,,,,,,,
1724,Mahamadou Susoho,,21,M,MCI,,0,0.0,,,,,,,,,
1726,Sergio Gómez,,25,F,RSO,,6,11.5,,,,,,,,,
1730,Jacob Wright,,28,M,,,0,0.0,0,0.0,,,,,,,
1780,Paul Dummett,,21,D,,,5,0.3,,,,,,,,,
1783,Loris Karius,,20,GK,S04,,1,1.3,,,,,,,,,
1787,Jamaal Lascelles,,21,D,LEI,,16,104.5,0,0.0,2,1.0,,,,,
1790,Matt Ritchie,,21,M,,,13,20.5,,,,,,,,,
1800,Miguel Almirón,,37,F,ATL,,33,143.5,9,10.5,,,,,,,
1801,Travis Hernes,,22,M,NEW,,0,0.0,,,,,,,,,
1807,Ben Parkinson,,35,M,,,1,0.3,,,,,,,,,
1808,Amadou Diallo,,30,F,,,1,0.0,,,,,,,,,
1810,Dominic Sadi,,33,F,BOU,,1,0.0,0,0.0,0,0.0,,,,,
1811,Neto,,21,GK,BOT,,32,222.5,2,19.8,,,,,,,
1812,Darren Randolph,,24,GK,,,0,0.0,,,,,,,,,
1813,Illia Zabarnyi,,32,D,PSG,,37,216.0,36,242.3,,,,,,,
1814,Philip Billing,,30,M,FCM,,29,136.0,10,26.0,0,0.0,,,,,
1817,Michael Dacosta,,35,F,BOU,,0,0.0,,,,,,,,,
1818,Ionut Radu,,33,GK,CEL,,2,-1.8,,,,,,,,,
1822,Lloyd Kelly,,28,D,JUV,,23,101.3,10,21.8,,,,,,,
1824,Luis Sinisterra,,36,M,BOU,,20,132.0,12,55.0,,,,,,,
1828,Callan McKenna,,35,GK,BOU,,0,0.0,0,0.0,,,,,,,
1832,Chris Mepham,,30,D,BOU,,10,53.8,,,,,,,,,
1837,Max Kinsey,,32,D,BOU,,0,0.0,0,0.0,,,,,,,
1840,Trent Alexander-Arnold,,21,D,RMA,,28,269.0,33,345.0,,,,,,,
1841,Fabian Mrozek,,20,GK,CIN,,0,0.0,,,,,,,,,
1844,Adrián,,34,GK,BET,,0,0.0,,,,,,,,,
1846,Bobby Clark,,24,M,RBS,,5,1.0,,,,,,,,,
1851,Luis Díaz,,29,M,FCB,,37,338.3,36,385.5,,,,,,,
1852,Darwin Núñez,,28,F,HIL,,36,316.3,30,118.8,,,,,,,
1868,Diogo Jota,,21,M,LIV,,21,208.0,26,150.5,,,,,,,
1869,Jarell Quansah,,24,D,B04,,17,132.3,13,17.8,,,,,,,
1871,Thiago Alcântara,,36,M,,,1,0.0,,,,,,,,,
1879,Joël Matip,,28,D,,,10,60.3,,,,,,,,,
1880,Jimi Tauriainen,,29,M,,,1,0.0,,,,,,,,,
1881,Christopher Nkunku,,28,M,MIL,,11,60.5,27,108.5,,,,,,,
1887,Josh Brooking,,20,D,,,0,0.0,,,,,,,,,
1890,Zak Sturge,,33,D,,,0,0.0,,,,,,,,,
1895,Carney Chukwuemeka,,27,M,BVB,,9,26.5,,,,,,,,,
1896,Kiano Dyer,,26,M,CHE,,0,0.0,,,,,,,,,
1900,Ben Chilwell,,28,D,STR,,13,54.8,8,40.3,,,,,,,
1902,Cesare Casadei,,30,M,TOR,,11,14.0,0,0.0,,,,,,,
1903,Diego Moreira,,20,F,STR,,0,0.0,,,,,,,,,
1906,Leo Castledine,,28,M,,,0,0.0,,,,,,,,,
1908,Alfie Gilchrist,,20,D,CHE,,11,14.3,,,,,,,,,
1912,Deivid Washington,,32,F,,Out,2,0.5,,,,,,,,,
1914,Thiago Silva,,20,D,FLU,,31,199.5,,,,,,,,,
1917,Eddie Beach,,19,GK,SHE,,0,0.0,,,,,,,,,
1924,Ronnie Stutter,,37,F,,,0,0.0,,,,,,,,,
1925,Raheem Sterling,,19,M,FEY,GTD,31,236.0,17,34.5,,,,,,,
1932,Saman Ghoddos,,32,F,,,19,53.8,,,,,,,,,
1935,Zanka,,31,D,FCK,,14,73.5,,,,,,,,,
1936,Vincent Angelini,,26,GK,,,0,0.0,,,,,,,,,
1937,Ben Mee,,24,D,SHU,,16,96.8,7,13.8,,,,,,,
1938,Mads Roerslev,,32,D,SOU,,34,141.3,19,69.8,0,0.0,,,,,
1941,Valintino Adedokun,,32,D,,,0,0.0,,,,,,,,,
1942,Shandon Baptiste,,27,M,LUT,,10,40.5,,,,,,,,,
1945,Mark Flekken,,31,GK,B04,,37,234.0,37,335.0,,,,,,,
1952,Ivan Toney,,30,F,,,17,155.3,,,,,,,,,
1953,Sergio Reguilón,,31,D,MIA,,25,160.5,4,11.5,,,,,,,
1954,Ethan Brierley,,27,M,,,0,0.0,,,,,,,,,
1955,Ryan Trevitt,,25,M,BRE,,0,0.0,1,1.0,,,,,,,
1961,Thomas Strakosha,,35,GK,AEK,,2,11.3,,,,,,,,,
1964,Neal Maupay,,32,F,OM,,31,134.5,0,0.0,,,,,,,
1990,Andy Lonergan,,29,GK,,,0,0.0,,,,,,,,,
1992,Youssef Chermiti,,21,F,RAN,,18,16.0,4,1.5,0,0.0,,,,,
1996,Arnaut Danjuma,,26,F,VAL,,14,49.0,,,,,,,,,
2001,Lewis Warrington,,34,M,,,1,0.0,,,,,,,,,
2002,Ashley Young,,21,D,IPS,,31,132.3,32,196.5,,,,,,,
2004,João Virgínia,,33,GK,SCP,,0,0.0,0,0.0,,,,,,,
2005,Abdoulaye Doucouré,,24,M,EVE,,32,231.0,33,162.5,,,,,,,
2006,Ben Godfrey,,21,D,RAN,,15,108.3,3,-5.8,,,,,,,
2010,Jenson Metcalfe,,33,M,,,0,0.0,0,0.0,,,,,,,
2011,Billy Crellin,,19,GK,,,0,0.0,,,,,,,,,
2012,André Gomes,,35,M,CLB,,12,27.5,,,,,,,,,
2014,Tyler Onyango,,19,M,EVE,,1,0.0,,,0,0.0,,,,,
2017,Mackenzie Hunt,,21,D,,,0,0.0,,,,,,,,,
2045,Noël Atom,,32,D,,,0,0.0,,,,,,,,,
2046,Julio Enciso,,33,M,STR,,12,55.0,25,143.5,,,,,,,
2049,Ansu Fati,,20,F,ASM,,19,52.3,,,,,,,,,
2052,Leigh Kavanagh,,20,D,,,0,0.0,,,,,,,,,
2055,Jakub Moder,,19,M,FEY,,17,28.0,4,5.5,,,,,,,
2056,Cameron Peupion,,32,M,,,0,0.0,,,,,,,,,
2057,Billy Gilmour,,20,M,NAP,,30,77.0,2,4.0,,,,,,,
2058,Benicio Baker-Boaitey,,17,M,,,5,0.3,,,,,,,,,
2060,Tariq Lamptey,,20,D,FIO,,19,52.3,15,81.3,,,,,,,
2061,Pervis Estupiñán,,25,D,MIL,,19,133.0,30,213.8,,,,,,,
2062,Ben Jackson,,22,D,,,0,0.0,,,,,,,,,
2064,Luca Barrington,,21,F,BHA,,0,0.0,,,,,,,,,
2076,Samy Chouchane,,30,M,,,0,0.0,,,,,,,,,
2077,Joshua Duffus,,32,F,ASS,,0,0.0,,,,,,,,,
2078,Adam Lallana,,21,M,SOU,,25,33.0,14,27.0,,,,,,,
2080,Odeluga Offiah,,22,D,BHA,,4,3.0,,,,,,,,,
2132,Michail Antonio,,23,F,WHU,,26,138.0,14,47.0,,,,,,,
2133,Nayef Aguerd,,31,D,OM,,21,103.0,,,2,2.8,,,,,
2134,Vladimír Coufal,,23,D,TSG,,36,219.8,22,68.0,,,,,,,
2139,Levi Laing,,23,D,,,0,0.0,,,,,,,,,
2141,Joseph Anang,,24,GK,,,0,0.0,,,,,,,,,
2144,Emerson,,34,D,OM,,36,208.0,31,153.5,,,,,,,
2147,Kurt Zouma,,32,D,,GTD,33,171.0,,,,,,,,,
2148,Aaron Cresswell,,28,D,WHU,,11,11.3,18,57.5,,,,,,,
2149,Danny Ings,,26,F,SHU,,20,37.5,15,51.0,,,,,,,
2150,Lucas Paquetá,,21,M,FLA,,31,250.5,33,169.5,18,146.0,,,,,
2151,Angelo Ogbonna,,23,D,,,11,34.3,,,,,,,,,
2162,Joel Ward,,31,D,CRY,,26,117.0,2,-0.8,,,,,,,
2166,Rob Holding,,33,D,COL,,0,0.0,0,0.0,,,,,,,
2174,Jeffrey Schlupp,,29,M,CEL,,29,132.0,12,12.0,,,,,,,
2178,Roshaun Mathurin,,21,F,,,0,0.0,,,,,,,,,
2179,Franco Umeh-Chibueze,,24,F,CRY,,0,0.0,0,0.0,,,,,,,
2181,Jordan Ayew,,23,M,LEI,,35,230.8,31,146.0,,,,,,,
2182,Naouirou Ahamada,,30,M,AJA,,20,4.0,0,0.0,,,,,,,
2184,Jairo Riedewald,,22,M,SHU,,9,6.5,,,,,,,,,
2189,Odsonne Édouard,,31,F,RCL,,30,167.5,6,7.0,1,1.0,,,,,
2195,Jadan Raymond,,25,M,,,0,0.0,,,,,,,,,
2196,Michael Olise,,26,M,FCB,,19,287.0,,,,,,,,,
2197,James Tomkins,,21,D,,,4,1.0,,,,,,,,,
2198,Elijah Adebayo,,23,F,LUT,,27,174.8,,,,,,,,,
2199,Carlton Morris,,21,F,LUT,,38,308.8,,,,,,,,,
2200,Fred Onyedinma,,22,M,,,8,14.0,,,,,,,,,
2201,Joe Johnson,,30,D,LUT,,2,-7.5,,,,,,,,,
2203,Andros Townsend,,25,F,,,27,101.0,,,,,,,,,
2204,Jacob Brown,,29,F,LUT,,19,79.3,,,,,,,,,
2205,Albert Sambi Lokonga,,21,M,HSV,,17,93.0,,,,,,,,,
2207,Reece Burke,,21,D,LUT,,22,143.3,,,,,,,,,
2208,Tom Lockyer,,21,D,LUT,,14,90.0,,,,,,,,,
2209,Zack Nelson,,25,M,LUT,,2,0.0,,,,,,,,,
2210,Mads Andersen,,26,D,LUT,,8,41.3,,,,,,,,,
2211,Taylan Harris,,24,F,LUT,,0,0.0,,,,,,,,,
2213,Luke Berry,,19,M,,,17,39.5,,,,,,,,,
2214,Axel Piesold,,21,M,,,0,0.0,,,,,,,,,
2215,Dominic Martins,,27,M,,,0,0.0,,,,,,,,,
2216,Tim Krul,,20,GK,LUT,,0,0.0,,,,,,,,,
2217,Christian Chigozie,,23,D,LUT,,0,0.0,,,,,,,,,
2218,Thomas Kaminski,,20,GK,LUT,,38,163.0,,,,,,,,,
2219,Cauley Woodrow,,25,F,LUT,,24,55.3,,,,,,,,,
2220,Tahith Chong,,35,M,SHU,,33,111.0,,,,,,,,,
2221,Teden Mengi,,29,D,LUT,,30,172.5,,,,,,,,,
2222,Jordan Clark,,30,M,LUT,,23,81.5,,,,,,,,,
2223,Marvelous Nakamba,,29,M,LUT,,13,45.5,,,,,,,,,
2224,Gabriel Osho,,20,D,AJA,,21,121.0,,,,,,,,,
2225,Amari'i Bell,,30,D,LUT,,21,97.3,,,,,,,,,
2226,Dan Potts,,24,D,,,0,0.0,,,,,,,,,
2228,Pelly Ruddock Mpanzu,,27,M,,,27,40.0,,,,,,,,,
2229,Daiki Hashioka,,28,D,BMG,,10,12.5,,,,,,,,,
2230,Alfie Doughty,,24,M,LUT,,37,345.0,,,,,,,,,
2231,James Shea,,23,GK,LUT,,1,4.5,,,,,,,,,
2396,Mohamed Elneny,,31,M,,,3,3.5,,,,,,,,,
2397,Oleksandr Zinchenko,,30,D,AJX,,27,162.5,15,57.8,5,22.8,,,,,
2405,Mauro Bandeira,,25,M,,,0,0.0,,,,,,,,,
2407,Jakub Kiwior,,36,D,POR,,20,115.0,17,69.8,0,0.0,,,,,
2411,Jorginho,,32,M,FLA,,24,53.5,15,5.0,,,,,,,
2412,James Sweet,,29,D,,,0,0.0,,,,,,,,,
2419,Thomas Partey,,26,M,VIL,,14,44.5,35,225.5,,,,,,,
2420,Karl Hein,,32,GK,SVW,,0,0.0,,,,,,,,,
2422,Reuell Walters,,29,D,LUT,,0,0.0,,,,,,,,,
2423,Cédric Soares,,32,D,,,3,0.0,,,,,,,,,
2503,Ty Barnett,,33,F,,,0,0.0,,,,,,,,,
2506,Craig Dawson,,32,D,WOL,,25,188.3,15,29.8,,,,,,,
2508,Noha Lemina,,30,F,,,0,0.0,,,,,,,,,
2510,Harvey Griffiths,,28,M,,,0,0.0,,,,,,,,,
2511,Nélson Semedo,,39,D,FB,,36,165.5,34,218.0,,,,,,,
2513,Pablo Sarabia,,28,M,WOL,,30,227.5,23,91.5,,,,,,,
2516,Nathan Fraser,,28,F,WOL,,7,10.0,,,,,,,,,
2519,Matthew Whittingham,,22,M,,,0,0.0,,,,,,,,,
2522,Leon Chiwome,,21,F,WOL,Out,3,2.5,,,,,,,,,
2524,Mario Lemina,,25,M,GS,,35,223.5,17,132.0,,,,,,,
2528,Temple Ojinnaka,,28,M,WOL,,0,0.0,,,0,0.0,,,,,
2529,Wes Okoduwa,,32,D,WOL,,0,0.0,0,0.0,,,,,,,
2532,Fletcher Holman,,27,F,WOL,,0,0.0,,,,,,,,,
2538,Anass Zaroury,,29,F,PAO,,6,0.3,,,,,,,,,
2542,Filip Marschall,,29,GK,AVL,,0,0.0,,,,,,,,,
2549,Michael Ndiweni,,32,F,,,1,0.0,,,,,,,,,
2550,Emiliano Marcondes,,23,M,,,0,0.0,,,,,,,,,
2553,Kieffer Moore,,27,F,SHU,,8,19.5,,,,,,,,,
2563,Charles Sagoe,,29,F,ARS,,0,0.0,,,,,,,,,
2564,Joe Hodge,,27,M,WOL,,0,0.0,,,,,,,,,
2586,Lucas Bergström,,33,GK,MLL,,0,0.0,,,,,,,,,
2867,Joe Rothwell,,31,M,SHU,,11,19.0,,,,,,,,,
3231,Thomas Cannon,,24,F,SHU,,1,0.0,0,0.0,,,,,,,
3256,Máximo Perrone,,21,M,COM,,0,0.0,,,,,,,,,
3441,Facundo Pellistri,,24,F,PAO,,9,22.5,,,,,,,,,
3520,Remo Freuler,,27,M,BOL,,0,0.0,,,,,,,,,
3525,Hwang Ui-Jo,,23,F,,,0,0.0,,,,,,,,,
3527,Orel Mangala,,26,M,GET,,20,64.0,19,78.0,,,,,,,
3531,Lewis O'Brien,,25,M,NFO,,0,0.0,,,,,,,,,
3532,Brandon Aguilera,,30,M,,,1,0.0,,,,,,,,,
3534,CJ Egan-Riley,,22,D,OM,,0,0.0,,,,,,,,,
3547,Leander Dendoncker,,22,M,OVI,,8,20.5,,,,,,,,,
3549,Philippe Coutinho,,24,M,AVL,,2,6.0,,,,,,,,,
3571,Donny van de Beek,,25,M,GIR,,1,1.5,,,,,,,,,
3575,Joe Hugill,,23,F,MUN,,0,0.0,,,,,,,,,
3584,Femi Seriki,,26,D,SHU,,0,0.0,,,,,,,,,
3585,Bénie Traoré,,19,F,NYC,,8,15.8,,,,,,,,,
3633,Carlos Vinícius,,19,F,FUL,,13,34.3,3,3.0,,,,,,,
3634,Jay Stansfield,,19,F,,,0,0.0,1,0.0,,,,,,,
3637,Kevin Mbabu,,27,D,FCM,,0,0.0,,,,,,,,,
3651,Gavin Kilkenny,,20,M,,,0,0.0,,,,,,,,,
3654,Hamed Traoré,,22,M,GEN,,3,9.5,0,0.0,1,7.5,,,,,
3663,Alex Matos,,20,M,SHU,,1,-0.5,,,,,,,,,
3665,Myles Peart-Harris,,22,M,BRE,,3,0.5,0,0.0,1,0.0,,,,,
3671,Elijah Campbell,,23,D,EVE,,0,0.0,,,0,0.0,,,,,
3673,Imari Samuels,,26,D,,,0,0.0,0,0.0,,,,,,,
3674,Mahmoud Dahoud,,20,M,SGE,,9,20.5,,,,,,,,,
3693,Luke Thomas,,21,D,LEI,,12,16.0,14,86.8,,,,,,,
3709,Saïd Benrahma,,33,F,,,13,56.3,,,,,,,,,
3711,Malcolm Ebiowei,,21,F,CRY,,0,0.0,,,,,,,,,
3712,Ademola Ola-Adebomi,,20,F,,,0,0.0,,,,,,,,,
3716,Jayden Luker,,26,M,LUT,,0,0.0,,,,,,,,,
3718,John McAtee,,27,F,,,0,0.0,,,,,,,,,
3720,Allan Campbell,,23,M,,,0,0.0,,,,,,,,,
3756,Fábio Silva,,39,F,BVB,,8,15.0,,,,,,,,,
3799,Dovydas Sasnauskas,,21,D,SHU,,0,0.0,,,,,,,,,
3842,Justin Hubner,,19,D,,,0,0.0,,,,,,,,,
1670,Steven Benda,,18,GK,FEY,,,,0,0.0,,,,,,,
1916,Michael Golding,,21,M,LEI,,,,1,0.0,,,,,,,
2557,Jeremy Sarmiento,,22,M,BHA,,,,1,0.0,,,,,,,
2573,Luís Guilherme,,19,F,SCP,,,,12,18.3,5,2.5,,,,,
2662,João Félix,,29,F,CHE,,,,12,48.5,,,,,,,
2670,Ilkay Gündogan,,22,M,GS,,,,33,176.5,0,0.0,,,,,
2702,Kieran Tierney,,20,D,CEL,,,,13,49.3,,,,,,,
2866,Jan Bednarek,,30,D,POR,,,,30,212.3,,,,,,,
2869,Joe Aribo,,27,M,LEI,,,,32,155.0,,,,,,,
2870,Sam Amo-Ameyaw,,21,F,STR,,,,2,-0.5,,,,,,,
2872,Ryan Manning,,22,D,SOU,,,,24,117.5,,,,,,,
2873,Kamaldeen Sulemana,,19,F,ATA,,,,26,113.0,,,,,,,
2874,Flynn Downes,,21,M,SOU,,,,27,91.5,,,,,,,
2875,James Bree,,20,D,SOU,,,,17,52.3,,,,,,,
2876,Taylor Harwood-Bellis,,18,D,SOU,,,,34,174.5,,,,,,,
2878,Samuel Edozie,,19,M,SOU,,,,2,3.5,,,,,,,
2881,Ryan Fraser,,19,M,SOU,,,,8,4.0,,,,,,,
2883,Joe Lumley,,20,GK,SOU,,,,3,19.3,,,,,,,
2886,Will Smallbone,,20,M,SOU,,,,18,46.0,,,,,,,
2888,Alex McCarthy,,20,GK,LEI,,,,5,30.8,,,,,,,
2890,Jack Stephens,,17,D,SOU,,,,19,47.3,,,,,,,
2892,Ross Stewart,,17,F,SOU,,,,12,22.5,,,,,,,
2932,Boubakary Soumaré,,21,M,LEI,,,,31,89.5,,,,,,,
2949,Guido Rodríguez,,25,M,VAL,,,,23,53.0,6,2.0,,,,,
3054,Gonçalo Guedes,,28,M,RSO,GTD,,,29,99.0,,,,,,,
3214,Ricardo Pereira,,19,D,LEI,,,,10,19.3,,,,,,,
3217,Jannik Vestergaard,,27,D,LEI,,,,18,54.0,,,,,,,
3220,Danny Ward,,20,GK,LEI,,,,2,-3.8,,,,,,,
3221,Harry Winks,,25,M,CAG,,,,22,75.5,,,,,,,
3225,Wilfred Ndidi,,20,M,LEI,,,,28,186.5,,,,,,,
3226,Jamie Vardy,,20,F,CRE,,,,35,234.0,,,,,,,
3227,Stephy Mavididi,,22,M,LEI,,,,30,150.0,,,,,,,
3228,Wout Faes,,20,D,LEI,,,,34,147.0,,,,,,,
3229,Ben Nelson,,19,D,LEI,,,,0,0.0,,,,,,,
3232,Will Alves,,19,M,LEI,,,,1,0.0,,,,,,,
3234,Jakub Stolarczyk,,,GK,LEI,,,,10,58.0,,,,,,,
3236,Hamza Choudhury,,19,M,LEI,,,,4,15.0,,,,,,,
3238,Conor Coady,,22,D,LEI,,,,22,55.8,,,,,,,
3241,Patson Daka,,17,F,HSV,,,,23,35.3,,,,,,,
3372,Cameron Burgess,,19,D,IPS,,,,18,109.8,,,,,,,
3374,Conor Chaplin,,20,M,LEI,,,,22,47.0,,,,,,,
3383,Massimo Luongo,,,M,IPS,,,,11,9.5,,,,,,,
3384,Cieran Slicker,,24,GK,IPS,,,,0,0.0,,,,,,,
3388,Nathan Broadhead,,28,M,IPS,,,,18,63.5,,,,,,,
3393,Marcus Harness,,28,M,,,,,2,1.0,,,,,,,
3396,George Edmundson,,24,D,,,,,1,0.0,,,,,,,
3400,Sam Morsy,,17,M,IPS,,,,33,142.5,,,,,,,
3513,Paul Onuachu,,20,F,SOU,,,,25,121.5,,,,,,,
3607,Armel Bella-Kotchap,,20,D,VEN,,,,4,10.3,,,,,,,
3652,Daniel Adu-Adjei,,21,F,RIJ,,,,0,0.0,,,,,,,
3664,Paris Maghoma,,19,M,BRE,,,,8,9.0,,,,,,,
3694,Daniel Iversen,,19,GK,LEI,,,,0,0.0,,,,,,,
3695,Victor Kristiansen,,19,D,PAO,,,,30,145.0,,,,,,,
3710,Andy Irving,,20,M,ACS,,,,10,8.5,7,9.5,,,,,
3752,Chiquinho,,25,F,WOL,,,,1,2.5,,,,,,,
3754,Daniel Podence,,,F,OLY,,,,2,2.0,,,,,,,
3757,Luke Cundle,,,M,,,,,0,0.0,,,,,,,
3773,Ronnie Edwards,,,D,SOU,,,,1,0.0,,,,,,,
3783,Nathan Wood,,,D,SOU,,,,11,30.5,,,,,,,
3803,Caleb Okoli,,,D,LEI,,,,19,70.0,,,,,,,
3807,Renato Veiga,,,D,VIL,,,,7,11.5,,,,,,,
3819,Yukinari Sugawara,,,D,SOU,,,,30,86.0,,,,,,,
3823,Elyh Harrison,,,GK,MUN,,,,0,0.0,,,,,,,
3858,Iwan Morgan,,,F,BRE,,,,0,0.0,,,,,,,
3860,Tony Yogane,,,M,,,,,0,0.0,,,,,,,
3868,Carlos Miguel,,,GK,PAL,,,,0,0.0,,,,,,,
3883,Jahmai Simpson-Pusey,,,D,KOE,,,,2,-1.5,,,,,,,
3887,Sammy Braybrooke,,,M,LEI,,,,0,0.0,,,,,,,
3899,Jimi Gower,,,M,ARS,,,,0,0.0,,,,,,,
3901,Salah-Eddine Oulad,,,M,RIG,,,,0,0.0,,,,,,,
3919,Tyler Morton,,,M,OL,,,,0,0.0,,,,,,,
3920,Jesper Lindstrøm,,,M,NAP,,,,25,108.5,,,,,,,
3963,Trialist,,,M,CRY,,,,2,2.0,,,,,,,
3965,Dean Huijsen,,,D,RMA,,,,32,291.5,,,,,,,
3977,Conor Townsend,,,D,IPS,,,,6,33.5,,,,,,,
4025,Sil Swinkels,,,D,AVL,,,,0,0.0,,,,,,,
4035,Roman Dixon,,,D,EVE,,,,1,2.5,,,,,,,
4050,Ramón Sosa,,,F,PAL,,,,19,47.5,,,,,,,
4053,Jens Cajuste,,,M,NAP,,,,30,121.5,,,,,,,
4058,Martial Godo,,,F,STR,,,,2,3.5,,,,,,,
4101,Asmir Begovic,,,GK,LEI,,,,0,0.0,,,,,,,
4116,Killian Cahill,,,GK,BHA,,,,0,0.0,,,,,,,
4127,Jay Robinson,,,F,MON,,,,4,10.8,,,,,,,
4128,Jayden Moore,,,D,SOU,,,,0,0.0,,,,,,,
4129,Joe O'Brien-Whitmarsh,,,M,SOU,,,,0,0.0,,,,,,,
4135,Bilal El Khannouss,,,M,VFB,,,,32,184.5,,,,,,,
4136,Bastien Meupiyou,,,D,WOL,,,,0,0.0,,,,,,,
4148,Carlos Soler,,,M,RSO,,,,31,84.5,,,,,,,
4150,Carlos Forbs,,,F,CLU,,,,10,10.5,,,,,,,
4170,Maldini Kacurri,,,D,ARS,,,,0,0.0,,,,,,,
4366,Marco Asensio,,,M,FB,,,,13,88.8,,,,,,,
5960,Donyell Malen,,,F,ROM,,,,14,56.3,21,79.0,,,,,
6301,Alfie Pond,,,D,WOL,,,,1,0.0,0,0.0,,,,,
6306,Nathan Butler-Oyedeji,,,F,ARS,,,,1,2.0,,,,,,,
6339,Ben Broggio,,,M,AVL,,,,0,0.0,0,0.0,,,,,
6376,Dante Cassanova,,,D,TOT,,,,0,0.0,,,,,,,
6421,Samuel Rak-Sakyi,,,M,CHE,,,,0,0.0,,,,,,,
6451,Jayce Fitzgerald,,,M,MUN,,,,0,0.0,,,,,,,
6521,Ruairi McConville,,,D,,,,,0,0.0,,,,,,,
6540,Maeson King,,,D,,,,,0,0.0,,,,,,,
6548,Jacob Slater,,,D,BHA,,,,0,0.0,,,,,,,
6616,Henry Cartwright,,,M,LEI,,,,0,0.0,,,,,,,
6637,Archie Harris,,,D,BOU,,,,0,0.0,,,,,,,
6640,Spike Brits,,,GK,,,,,0,0.0,,,,,,,
6642,Spike Brits,,,GK,MCI,,,,0,0.0,,,,,,,
6645,Tom Wilson-Brown,,,D,LEI,,,,0,0.0,,,,,,,
6662,Welington,,,D,SOU,,,,10,35.8,,,,,,,
6785,Emmanuel Agbadou,,,D,WOL,,,,16,116.3,14,71.8,,,,,
6786,Joachim Kayi-Sanda,,,D,SOU,,,,2,1.0,,,,,,,
6866,Woyo Coulibaly,,,D,LEI,,,,4,4.3,,,,,,,
6887,Zain Silcott-Duberry,,,F,BOU,,,,1,1.0,,,,,,,
6923,Albert Grønbæk,,,M,HSV,,,,4,2.5,,,,,,,
7075,Joe Knight,,,M,BHA,,,,0,0.0,1,0.0,,,,,
7131,Mathis Amougou,,,M,STR,,,,1,-0.5,,,,,,,
7155,Hubert Graczyk,,,GK,MUN,,,,0,0.0,,,,,,,
7170,Isaac Heath,,,F,EVE,,,,0,0.0,,,,,,,
7225,Coby Ebere,,,F,EVE,,,,0,0.0,,,,,,,
7237,Sékou Koné,,,M,MUN,,,,0,0.0,,,,,,,
7356,Tom Taylor,,,M,IPS,,,,0,0.0,,,,,,,
7391,Genesis Antwi,,,D,STR,,,,0,0.0,,,,,,,
8754,Jack Henry-Francis,,,M,SHE,,,,0,0.0,,,,,,,
8755,Jake Evans,,,F,LEI,,,,4,0.5,,,,,,,
8756,Olabade Aluko,,,D,LEI,,,,1,0.5,,,,,,,
8774,Somto Boniface,,,D,IPS,,,,0,0.0,,,,,,,
1099,Travis Patterson,,,D,AVL,,,,,,0,0.0,,,,,
3808,Harry Tyrer,,,GK,EVE,,,,,,0,0.0,,,,,
9072,Jhon Arias,,,M,PAL,,,,,,23,72.5,,,,,
10516,Patrick Roberts,,,M,SUN,,,,,,1,1.0,,,,,
10519,Dan Neil,,,M,RAN,,,,,,3,1.0,,,,,
10994,Harry Gray,,,F,LEE,,,,,,0,0.0,,,,,
11119,Yusuf Akhamrich,,,F,TOT,,,,,,0,0.0,,,,,
12916,Ethan Sutherland,,,M,WOL,,,,,,0,0.0,,,,,
1929,Kim Ji-Soo,,,D,BRE,,0,0.0,3,0.0,,,38,-0.3,613,,
3964,Caleb Kporha,,,D,CRY,,,,2,0.3,,,38,-0.5,999,,
7169,Sean Neave,,,F,NEW,,,,0,0.0,1,-0.5,38,-0.5,614,,
16230,Theo Mawene,,,F,BRE,,,,,,,,38,-0.5,999,,
1872,Jayden Danns,,,F,LIV,,2,-2.0,1,-0.5,,,38,-1.0,615,,
10512,Aji Alese,,,D,SUN,,,,,,,,38,-4.8,616,,